provider_code,region,provider_name,type1_attendances,type2_attendances,type3_attendances,total_attendances,type1_under_4h,type2_under_4h,type3_under_4h,total_under_4h,type1_over_4h,type2_over_4h,type3_over_4h,total_over_4h,pct_within_4h_all,pct_within_4h_type1,pct_within_4h_type2,pct_within_4h_type3,emergency_admissions_type1,emergency_admissions_type2,emergency_admissions_type3_4,total_emergency_admissions_via_ae,other_emergency_admissions,total_emergency_admissions,decision_to_admit_over_4h,decision_to_admit_over_12h,reporting_month
AAH,NHS England South West,Tetbury Hospital Trust Ltd,0.0,0.0,554.0,554.0,0.0,0.0,554.0,554.0,0.0,0.0,0.0,0.0,1.0,,,1.0,0.0,0.0,0.0,0.0,0.0,0.0,0.0,0.0,2026-04-01
ACH01,NHS England South East,Whitstable Medical Practice,0.0,0.0,4800.0,4800.0,0.0,0.0,4800.0,4800.0,0.0,0.0,0.0,0.0,1.0,,,1.0,0.0,0.0,0.0,0.0,0.0,0.0,0.0,0.0,2026-04-01
AD913,NHS England London,Beckenham Beacon Ucc,0.0,0.0,3756.0,3756.0,0.0,0.0,3720.0,3720.0,0.0,0.0,36.0,36.0,0.9904153354632588,,,0.9904153354632588,0.0,0.0,0.0,0.0,0.0,0.0,0.0,0.0,2026-04-01
AJN,NHS England North East And Yorkshire,Workington Health Limited,0.0,0.0,449.0,449.0,0.0,0.0,449.0,449.0,0.0,0.0,0.0,0.0,1.0,,,1.0,0.0,0.0,0.0,0.0,0.0,0.0,0.0,0.0,2026-04-01
AQM01,NHS England South East,Faversham Medical Practice Miu,0.0,0.0,2989.0,2989.0,0.0,0.0,2989.0,2989.0,0.0,0.0,0.0,0.0,1.0,,,1.0,0.0,0.0,0.0,0.0,0.0,0.0,0.0,0.0,2026-04-01
AQN04,NHS England South East,Phl Lymington Utc,0.0,0.0,3266.0,3266.0,0.0,0.0,3225.0,3225.0,0.0,0.0,41.0,41.0,0.9874464176362523,,,0.9874464176362523,0.0,0.0,0.0,0.0,0.0,0.0,0.0,0.0,2026-04-01
ARN03,NHS England North East And Yorkshire,Local Care Direct,0.0,0.0,2458.0,2458.0,0.0,0.0,2449.0,2449.0,0.0,0.0,9.0,9.0,0.9963384865744508,,,0.9963384865744508,0.0,0.0,0.0,0.0,0.0,0.0,0.0,0.0,2026-04-01
C82009,NHS England Midlands,Market Harborough Med.Ctr,0.0,0.0,278.0,278.0,0.0,0.0,278.0,278.0,0.0,0.0,0.0,0.0,1.0,,,1.0,0.0,0.0,0.0,0.0,0.0,0.0,0.0,0.0,2026-04-01
C82038,NHS England Midlands,Latham House Medical Practice,0.0,0.0,368.0,368.0,0.0,0.0,368.0,368.0,0.0,0.0,0.0,0.0,1.0,,,1.0,0.0,0.0,0.0,0.0,0.0,0.0,0.0,0.0,2026-04-01
C83023,NHS England Midlands,Sleaford Medical Group,0.0,0.0,529.0,529.0,0.0,0.0,529.0,529.0,0.0,0.0,0.0,0.0,1.0,,,1.0,0.0,0.0,0.0,0.0,1.0,1.0,0.0,0.0,2026-04-01
DJV01,NHS England South East,Herne Bay Health Care Ltd,0.0,0.0,2582.0,2582.0,0.0,0.0,2582.0,2582.0,0.0,0.0,0.0,0.0,1.0,,,1.0,0.0,0.0,0.0,0.0,0.0,0.0,0.0,0.0,2026-04-01
DT301,NHS England East Of England,Herts Urgent Care (Ascots Lane),0.0,0.0,2159.0,2159.0,0.0,0.0,2046.0,2046.0,0.0,0.0,113.0,113.0,0.9476609541454377,,,0.9476609541454377,0.0,0.0,0.0,0.0,0.0,0.0,0.0,0.0,2026-04-01
G0Q0L,NHS England London,Barking Hospital Utc,0.0,0.0,2921.0,2921.0,0.0,0.0,2900.0,2900.0,0.0,0.0,21.0,21.0,0.9928106812735364,,,0.9928106812735364,0.0,0.0,0.0,0.0,0.0,0.0,0.0,0.0,2026-04-01
G3P9C,NHS England South West,Trowbridge Minor Injuries Unit,0.0,0.0,1248.0,1248.0,0.0,0.0,1237.0,1237.0,0.0,0.0,11.0,11.0,0.9911858974358975,,,0.9911858974358975,0.0,0.0,0.0,0.0,0.0,0.0,0.0,0.0,2026-04-01
K6K0R,NHS England London,Harold Wood Polyclinic Utc,0.0,0.0,2885.0,2885.0,0.0,0.0,2869.0,2869.0,0.0,0.0,16.0,16.0,0.9944540727902946,,,0.9944540727902946,0.0,0.0,0.0,0.0,0.0,0.0,0.0,0.0,2026-04-01
L83087,NHS England South West,Okehampton Medical Centre,0.0,0.0,64.0,64.0,0.0,0.0,64.0,64.0,0.0,0.0,0.0,0.0,1.0,,,1.0,0.0,0.0,0.0,0.0,0.0,0.0,0.0,0.0,2026-04-01
NDJ,NHS England South East,First Community Health And Care Cic,0.0,0.0,2364.0,2364.0,0.0,0.0,2359.0,2359.0,0.0,0.0,5.0,5.0,0.9978849407783418,,,0.9978849407783418,0.0,0.0,0.0,0.0,0.0,0.0,0.0,0.0,2026-04-01
NLX,NHS England South West,Sirona Care & Health,0.0,0.0,8774.0,8774.0,0.0,0.0,8379.0,8379.0,0.0,0.0,395.0,395.0,0.9549806245726009,,,0.9549806245726009,0.0,0.0,0.0,0.0,0.0,0.0,0.0,0.0,2026-04-01
NNF09,NHS England North East And Yorkshire,Bransholme Health Centre,0.0,0.0,3505.0,3505.0,0.0,0.0,3217.0,3217.0,0.0,0.0,288.0,288.0,0.9178316690442225,,,0.9178316690442225,0.0,0.0,0.0,0.0,0.0,0.0,0.0,0.0,2026-04-01
NNF16,NHS England North East And Yorkshire,Bridlington Hospital,0.0,0.0,1546.0,1546.0,0.0,0.0,1507.0,1507.0,0.0,0.0,39.0,39.0,0.9747736093143596,,,0.9747736093143596,0.0,0.0,0.0,0.0,0.0,0.0,0.0,0.0,2026-04-01
NNF94,NHS England North East And Yorkshire,East Riding Community Hospital,0.0,0.0,3114.0,3114.0,0.0,0.0,2976.0,2976.0,0.0,0.0,138.0,138.0,0.9556840077071291,,,0.9556840077071291,0.0,0.0,0.0,0.0,0.0,0.0,0.0,0.0,2026-04-01
NNFA7,NHS England North East And Yorkshire,Goole & District Hospital,0.0,0.0,1649.0,1649.0,0.0,0.0,1608.0,1608.0,0.0,0.0,41.0,41.0,0.9751364463311097,,,0.9751364463311097,0.0,0.0,0.0,0.0,0.0,0.0,0.0,0.0,2026-04-01
NNJ,NHS England Midlands,Dhu Health Care C.I.C,0.0,0.0,1909.0,1909.0,0.0,0.0,1895.0,1895.0,0.0,0.0,14.0,14.0,0.9926663174436878,,,0.9926663174436878,0.0,0.0,0.0,0.0,0.0,0.0,0.0,0.0,2026-04-01
NNJ07,NHS England Midlands,Loughborough Urgent Care Centre,0.0,0.0,7652.0,7652.0,0.0,0.0,7631.0,7631.0,0.0,0.0,21.0,21.0,0.9972556194458965,,,0.9972556194458965,0.0,0.0,0.0,0.0,0.0,0.0,0.0,0.0,2026-04-01
NNJ0H,NHS England Midlands,Llr Ea - The Merlyn Vaz Health & Social Care Centre,0.0,0.0,2709.0,2709.0,0.0,0.0,2700.0,2700.0,0.0,0.0,9.0,9.0,0.9966777408637874,,,0.9966777408637874,0.0,0.0,0.0,0.0,0.0,0.0,0.0,0.0,2026-04-01
NNJ12,NHS England Midlands,Market Harborough,0.0,0.0,266.0,266.0,0.0,0.0,266.0,266.0,0.0,0.0,0.0,0.0,1.0,,,1.0,0.0,0.0,0.0,0.0,0.0,0.0,0.0,0.0,2026-04-01
NNJ13,NHS England Midlands,Melton Mowbray,0.0,0.0,275.0,275.0,0.0,0.0,275.0,275.0,0.0,0.0,0.0,0.0,1.0,,,1.0,0.0,0.0,0.0,0.0,0.0,0.0,0.0,0.0,2026-04-01
NNJ14,NHS England Midlands,Oadby,0.0,0.0,3032.0,3032.0,0.0,0.0,3016.0,3016.0,0.0,0.0,16.0,16.0,0.9947229551451188,,,0.9947229551451188,0.0,0.0,0.0,0.0,0.0,0.0,0.0,0.0,2026-04-01
NNJ15,NHS England Midlands,Rutland Minor Illness And Injury Service (Formerly Wlhh Pre-April 2026),0.0,0.0,624.0,624.0,0.0,0.0,623.0,623.0,0.0,0.0,1.0,1.0,0.9983974358974359,,,0.9983974358974359,0.0,0.0,0.0,0.0,0.0,0.0,0.0,0.0,2026-04-01
NQT1I,NHS England South West,Chippenham Community Hospital,0.0,0.0,1729.0,1729.0,0.0,0.0,1683.0,1683.0,0.0,0.0,46.0,46.0,0.973395026026605,,,0.973395026026605,0.0,0.0,0.0,0.0,0.0,0.0,0.0,0.0,2026-04-01
NQT5F,NHS England North West,Skelmersdale Walk In Centre,0.0,0.0,1629.0,1629.0,0.0,0.0,1616.0,1616.0,0.0,0.0,13.0,13.0,0.9920196439533456,,,0.9920196439533456,0.0,0.0,0.0,0.0,0.0,0.0,0.0,0.0,2026-04-01
NQT5H,NHS England South West,Paulton Memorial Hospital,0.0,0.0,1049.0,1049.0,0.0,0.0,1042.0,1042.0,0.0,0.0,7.0,7.0,0.9933269780743565,,,0.9933269780743565,0.0,0.0,0.0,0.0,0.0,0.0,0.0,0.0,2026-04-01
NTP11,NHS England South East,Practice Plus Group Hospital - Southampton,0.0,0.0,5328.0,5328.0,0.0,0.0,5195.0,5195.0,0.0,0.0,133.0,133.0,0.9750375375375375,,,0.9750375375375375,0.0,0.0,0.0,0.0,0.0,0.0,0.0,0.0,2026-04-01
NTPAD,NHS England South East,Practice Plus Group Surgical Centre - St Marys Portsmouth,0.0,0.0,5416.0,5416.0,0.0,0.0,5252.0,5252.0,0.0,0.0,164.0,164.0,0.9697193500738552,,,0.9697193500738552,0.0,0.0,0.0,0.0,0.0,0.0,0.0,0.0,2026-04-01
NTV0B,NHS England South East,Ashford Walk-In-Centre,0.0,0.0,2357.0,2357.0,0.0,0.0,2322.0,2322.0,0.0,0.0,35.0,35.0,0.9851506151887993,,,0.9851506151887993,0.0,0.0,0.0,0.0,0.0,0.0,0.0,0.0,2026-04-01
NTV0W,NHS England South East,Woking Walk In Centre,0.0,0.0,2787.0,2787.0,0.0,0.0,2729.0,2729.0,0.0,0.0,58.0,58.0,0.97918909221385,,,0.97918909221385,0.0,0.0,0.0,0.0,0.0,0.0,0.0,0.0,2026-04-01
NV693,NHS England North West,Rossendale Miu & Ooh,0.0,0.0,957.0,957.0,0.0,0.0,957.0,957.0,0.0,0.0,0.0,0.0,1.0,,,1.0,0.0,0.0,0.0,0.0,0.0,0.0,0.0,0.0,2026-04-01
NVE43,NHS England South East,Hastings GP Led Health Centre,0.0,0.0,1170.0,1170.0,0.0,0.0,1170.0,1170.0,0.0,0.0,0.0,0.0,1.0,,,1.0,0.0,0.0,0.0,0.0,0.0,0.0,0.0,0.0,2026-04-01
R0A,NHS England North West,Manchester University NHS Foundation Trust,29832.0,3727.0,11818.0,45377.0,19795.0,3577.0,11545.0,34917.0,10037.0,150.0,273.0,10460.0,0.7694867443859223,0.6635492089031912,0.9597531526697075,0.9768996446099171,5770.0,121.0,87.0,5978.0,386.0,6364.0,2679.0,97.0,2026-04-01
R0B,NHS England North East And Yorkshire,South Tyneside And Sunderland NHS Foundation Trust,11601.0,1333.0,7127.0,20061.0,7363.0,1320.0,6966.0,15649.0,4238.0,13.0,161.0,4412.0,0.7800707841084692,0.6346866649426773,0.9902475618904726,0.9774098498667041,4627.0,33.0,0.0,4660.0,1175.0,5835.0,136.0,1.0,2026-04-01
R0D,NHS England South West,University Hospitals Dorset NHS Foundation Trust,15796.0,0.0,4346.0,20142.0,9448.0,0.0,4346.0,13794.0,6348.0,0.0,0.0,6348.0,0.6848376526660709,0.5981261078754115,,1.0,4278.0,1.0,0.0,4279.0,2313.0,6592.0,1646.0,573.0,2026-04-01
R1D,NHS England Midlands,Shropshire Community Health NHS Trust,0.0,0.0,3363.0,3363.0,0.0,0.0,3342.0,3342.0,0.0,0.0,21.0,21.0,0.9937555753791257,,,0.9937555753791257,0.0,0.0,0.0,0.0,0.0,0.0,0.0,0.0,2026-04-01
R1F,NHS England South East,Isle Of Wight NHS Trust,4419.0,261.0,1517.0,6197.0,2929.0,261.0,1460.0,4650.0,1490.0,0.0,57.0,1547.0,0.7503630789091496,0.6628196424530437,1.0,0.962425840474621,1384.0,0.0,0.0,1384.0,96.0,1480.0,539.0,290.0,2026-04-01
R1H,NHS England London,Barts Health NHS Trust,25673.0,905.0,18489.0,45067.0,16190.0,903.0,17039.0,34132.0,9483.0,2.0,1450.0,10935.0,0.7573612621208423,0.6306236123553928,0.9977900552486187,0.9215749905349127,4218.0,0.0,32.0,4250.0,1199.0,5449.0,2189.0,1161.0,2026-04-01
R1K,NHS England London,London North West University Healthcare NHS Trust,13564.0,0.0,16301.0,29865.0,8031.0,0.0,16186.0,24217.0,5533.0,0.0,115.0,5648.0,0.8108823036999833,0.5920819817163079,,0.9929452180847801,6560.0,0.0,0.0,6560.0,239.0,6799.0,1137.0,525.0,2026-04-01
RA2,NHS England South East,Royal Surrey NHS Foundation Trust,7523.0,0.0,2258.0,9781.0,4976.0,0.0,2258.0,7234.0,2547.0,0.0,0.0,2547.0,0.7395971782026378,0.6614382560148877,,1.0,2382.0,0.0,0.0,2382.0,959.0,3341.0,410.0,6.0,2026-04-01
RA7,NHS England South West,University Hospitals Bristol And Weston NHS Foundation Trust,15738.0,2495.0,0.0,18233.0,10686.0,2217.0,0.0,12903.0,5052.0,278.0,0.0,5330.0,0.7076729007842922,0.6789935188715212,0.8885771543086173,,4845.0,13.0,0.0,4858.0,1459.0,6317.0,1321.0,371.0,2026-04-01
RA9,NHS England South West,Torbay And South Devon NHS Foundation Trust,6582.0,0.0,3482.0,10064.0,3009.0,0.0,3457.0,6466.0,3573.0,0.0,25.0,3598.0,0.6424880763116058,0.45715587967183224,,0.9928202182653647,1786.0,0.0,1.0,1787.0,438.0,2225.0,391.0,96.0,2026-04-01
RAE,NHS England North East And Yorkshire,Bradford Teaching Hospitals NHS Foundation Trust,9265.0,1036.0,3594.0,13895.0,6940.0,1036.0,3594.0,11570.0,2325.0,0.0,0.0,2325.0,0.8326736236056135,0.749055585536967,1.0,1.0,2509.0,0.0,18.0,2527.0,1254.0,3781.0,775.0,124.0,2026-04-01
RAJ,NHS England East Of England,Mid And South Essex NHS Foundation Trust,27547.0,0.0,8208.0,35755.0,18550.0,0.0,8064.0,26614.0,8997.0,0.0,144.0,9141.0,0.7443434484687457,0.6733945620212727,,0.9824561403508771,8613.0,0.0,145.0,8758.0,1250.0,10008.0,2885.0,879.0,2026-04-01
RAL,NHS England London,Royal Free London NHS Foundation Trust,28104.0,488.0,14808.0,43400.0,20822.0,476.0,14299.0,35597.0,7282.0,12.0,509.0,7803.0,0.8202073732718894,0.74089097637347,0.9754098360655737,0.9656266882766072,6346.0,1.0,115.0,6462.0,799.0,7261.0,2616.0,1795.0,2026-04-01
RAN,NHS England London,Royal National Orthopaedic Hospital NHS Trust,0.0,0.0,0.0,0.0,0.0,0.0,0.0,0.0,0.0,0.0,0.0,0.0,,,,,0.0,0.0,0.0,0.0,23.0,23.0,0.0,0.0,2026-04-01
RAS,NHS England London,The Hillingdon Hospitals NHS Foundation Trust,5234.0,0.0,6623.0,11857.0,3065.0,0.0,6582.0,9647.0,2169.0,0.0,41.0,2210.0,0.8136122121953276,0.5855941918226978,,0.9938094519100106,1803.0,0.0,0.0,1803.0,83.0,1886.0,425.0,14.0,2026-04-01
RAT,NHS England London,North East London NHS Foundation Trust,0.0,0.0,1851.0,1851.0,0.0,0.0,1816.0,1816.0,0.0,0.0,35.0,35.0,0.9810913019989195,,,0.9810913019989195,0.0,0.0,0.0,0.0,0.0,0.0,0.0,0.0,2026-04-01
RAX,NHS England London,Kingston And Richmond NHS Foundation Trust,7049.0,0.0,8138.0,15187.0,4064.0,0.0,7946.0,12010.0,2985.0,0.0,192.0,3177.0,0.7908079278330151,0.5765356788196907,,0.9764069796018677,3018.0,0.0,203.0,3221.0,700.0,3921.0,684.0,383.0,2026-04-01
RBD,NHS England South West,Dorset County Hospital NHS Foundation Trust,5195.0,0.0,4328.0,9523.0,3163.0,0.0,4327.0,7490.0,2032.0,0.0,1.0,2033.0,0.7865168539325843,0.6088546679499519,,0.9997689463955638,2012.0,0.0,0.0,2012.0,495.0,2507.0,254.0,43.0,2026-04-01
RBK,NHS England Midlands,Walsall Healthcare NHS Trust,9804.0,0.0,4345.0,14149.0,7716.0,0.0,4263.0,11979.0,2088.0,0.0,82.0,2170.0,0.8466322708318609,0.7870257037943696,,0.9811277330264672,4412.0,0.0,0.0,4412.0,827.0,5239.0,901.0,96.0,2026-04-01
RBL,NHS England North West,Wirral University Teaching Hospital NHS Foundation Trust,8376.0,0.0,3081.0,11457.0,4183.0,0.0,2983.0,7166.0,4193.0,0.0,98.0,4291.0,0.6254691455005673,0.4994030563514804,,0.9681921454073353,2148.0,0.0,0.0,2148.0,1856.0,4004.0,1246.0,735.0,2026-04-01
RBN,NHS England North West,Mersey And West Lancashire Teaching Hospitals NHS Trust,17604.0,0.0,7255.0,24859.0,11164.0,0.0,7173.0,18337.0,6440.0,0.0,82.0,6522.0,0.7376402912426083,0.6341740513519655,,0.988697450034459,7832.0,0.0,1.0,7833.0,787.0,8620.0,917.0,471.0,2026-04-01
RBQ,NHS England North West,Liverpool Heart And Chest Hospital NHS Foundation Trust,0.0,0.0,0.0,0.0,0.0,0.0,0.0,0.0,0.0,0.0,0.0,0.0,,,,,0.0,0.0,0.0,0.0,114.0,114.0,0.0,0.0,2026-04-01
RBS,NHS England North West,Alder Hey Children's NHS Foundation Trust,6060.0,0.0,0.0,6060.0,5286.0,0.0,0.0,5286.0,774.0,0.0,0.0,774.0,0.8722772277227723,0.8722772277227723,,,849.0,0.0,0.0,849.0,252.0,1101.0,1.0,0.0,2026-04-01
RBT,NHS England North West,Mid Cheshire Hospitals NHS Foundation Trust,7156.0,0.0,2957.0,10113.0,3781.0,0.0,2949.0,6730.0,3375.0,0.0,8.0,3383.0,0.665480075150796,0.5283678032420347,,0.9972945552925262,2512.0,0.0,0.0,2512.0,683.0,3195.0,955.0,587.0,2026-04-01
RBV,NHS England North West,The Christie NHS Foundation Trust,0.0,0.0,0.0,0.0,0.0,0.0,0.0,0.0,0.0,0.0,0.0,0.0,,,,,0.0,0.0,0.0,0.0,844.0,844.0,0.0,0.0,2026-04-01
RC9,NHS England East Of England,Bedfordshire Hospitals NHS Foundation Trust,17379.0,0.0,9069.0,26448.0,11428.0,0.0,9069.0,20497.0,5951.0,0.0,0.0,5951.0,0.7749924379915305,0.6575752344783935,,1.0,5155.0,0.0,0.0,5155.0,2234.0,7389.0,105.0,23.0,2026-04-01
RCB,NHS England North East And Yorkshire,York And Scarborough Teaching Hospitals NHS Foundation Trust,11456.0,330.0,6919.0,18705.0,7122.0,330.0,6582.0,14034.0,4334.0,0.0,337.0,4671.0,0.75028067361668,0.6216829608938548,1.0,0.9512935395288337,5197.0,0.0,0.0,5197.0,1606.0,6803.0,626.0,77.0,2026-04-01
RCD,NHS England North East And Yorkshire,Harrogate And District NHS Foundation Trust,5426.0,0.0,1550.0,6976.0,3896.0,0.0,1550.0,5446.0,1530.0,0.0,0.0,1530.0,0.7806766055045872,0.7180243273129377,,1.0,1213.0,0.0,0.0,1213.0,285.0,1498.0,139.0,6.0,2026-04-01
RCF,NHS England North East And Yorkshire,Airedale NHS Foundation Trust,6244.0,203.0,0.0,6447.0,3907.0,203.0,0.0,4110.0,2337.0,0.0,0.0,2337.0,0.6375058166589112,0.6257206918641897,1.0,,1397.0,0.0,0.0,1397.0,457.0,1854.0,771.0,348.0,2026-04-01
RCU,NHS England North East And Yorkshire,Sheffield Children's NHS Foundation Trust,4868.0,0.0,206.0,5074.0,4603.0,0.0,206.0,4809.0,265.0,0.0,0.0,265.0,0.9477729601891999,0.9455628594905505,,1.0,961.0,0.0,0.0,961.0,87.0,1048.0,4.0,0.0,2026-04-01
RCX,NHS England East Of England,"The Queen Elizabeth Hospital, King's Lynn, NHS Foundation Trust",6998.0,0.0,1694.0,8692.0,4093.0,0.0,1694.0,5787.0,2905.0,0.0,0.0,2905.0,0.6657846295444086,0.5848813946841955,,1.0,1761.0,0.0,0.0,1761.0,328.0,2089.0,809.0,176.0,2026-04-01
RD1,NHS England South West,Royal United Hospitals Bath NHS Foundation Trust,8971.0,0.0,0.0,8971.0,5473.0,0.0,0.0,5473.0,3498.0,0.0,0.0,3498.0,0.6100769145022852,0.6100769145022852,,,2954.0,0.0,6.0,2960.0,1927.0,4887.0,976.0,58.0,2026-04-01
RD8,NHS England East Of England,Milton Keynes University Hospital NHS Foundation Trust,9126.0,0.0,5560.0,14686.0,4909.0,0.0,5467.0,10376.0,4217.0,0.0,93.0,4310.0,0.7065232193926189,0.5379136532982687,,0.983273381294964,2251.0,0.0,0.0,2251.0,428.0,2679.0,592.0,0.0,2026-04-01
RDE,NHS England East Of England,East Suffolk And North Essex NHS Foundation Trust,11310.0,0.0,13732.0,25042.0,6670.0,0.0,12744.0,19414.0,4640.0,0.0,988.0,5628.0,0.7752575672869579,0.5897435897435898,,0.928051267113312,5061.0,0.0,7.0,5068.0,233.0,5301.0,1240.0,413.0,2026-04-01
RDR,NHS England South East,Sussex Community NHS Foundation Trust,0.0,0.0,12265.0,12265.0,0.0,0.0,11918.0,11918.0,0.0,0.0,347.0,347.0,0.9717081125152874,,,0.9717081125152874,0.0,0.0,0.0,0.0,0.0,0.0,0.0,0.0,2026-04-01
RDU,NHS England South East,Frimley Health NHS Foundation Trust,22326.0,883.0,10855.0,34064.0,14398.0,883.0,10746.0,26027.0,7928.0,0.0,109.0,8037.0,0.764061766087365,0.6448983248230762,1.0,0.9899585444495624,6006.0,0.0,0.0,6006.0,147.0,6153.0,1748.0,732.0,2026-04-01
RDY,NHS England South West,Dorset Healthcare University NHS Foundation Trust,0.0,0.0,0.0,0.0,0.0,0.0,0.0,0.0,0.0,0.0,0.0,0.0,,,,,0.0,0.0,0.0,0.0,0.0,0.0,0.0,0.0,2026-04-01
REF,NHS England South West,Royal Cornwall Hospitals NHS Trust,6750.0,0.0,12288.0,19038.0,3253.0,0.0,11732.0,14985.0,3497.0,0.0,556.0,4053.0,0.7871099905452253,0.4819259259259259,,0.9547526041666666,2378.0,0.0,43.0,2421.0,1464.0,3885.0,1050.0,581.0,2026-04-01
REM,NHS England North West,Liverpool University Hospitals NHS Foundation Trust,16997.0,1991.0,8319.0,27307.0,8926.0,1991.0,8105.0,19022.0,8071.0,0.0,214.0,8285.0,0.6965979419196543,0.525151497323057,1.0,0.9742757542973915,5374.0,0.0,0.0,5374.0,2216.0,7590.0,2115.0,1279.0,2026-04-01
REP,NHS England North West,Liverpool Women's NHS Foundation Trust,0.0,1493.0,0.0,1493.0,0.0,1223.0,0.0,1223.0,0.0,270.0,0.0,270.0,0.8191560616208975,,0.8191560616208975,,0.0,116.0,0.0,116.0,15.0,131.0,0.0,0.0,2026-04-01
RET,NHS England North West,The Walton Centre NHS Foundation Trust,0.0,0.0,0.0,0.0,0.0,0.0,0.0,0.0,0.0,0.0,0.0,0.0,,,,,0.0,0.0,0.0,0.0,179.0,179.0,0.0,0.0,2026-04-01
RF4,NHS England London,"Barking, Havering And Redbridge University Hospitals NHS Trust",13442.0,2349.0,15017.0,30808.0,8041.0,1963.0,14789.0,24793.0,5401.0,386.0,228.0,6015.0,0.8047585042846014,0.5981996726677578,0.8356747552149851,0.9848172071652127,3503.0,0.0,0.0,3503.0,2371.0,5874.0,1068.0,546.0,2026-04-01
RFF,NHS England North East And Yorkshire,Barnsley Hospital NHS Foundation Trust,9392.0,0.0,0.0,9392.0,7561.0,0.0,0.0,7561.0,1831.0,0.0,0.0,1831.0,0.8050468483816013,0.8050468483816013,,,3268.0,0.0,0.0,3268.0,495.0,3763.0,340.0,26.0,2026-04-01
RFR,NHS England North East And Yorkshire,The Rotherham NHS Foundation Trust,9703.0,0.0,0.0,9703.0,7027.0,0.0,0.0,7027.0,2676.0,0.0,0.0,2676.0,0.7242090075234463,0.7242090075234463,,,2087.0,0.0,0.0,2087.0,531.0,2618.0,599.0,4.0,2026-04-01
RFS,NHS England Midlands,Chesterfield Royal Hospital NHS Foundation Trust,7733.0,0.0,5518.0,13251.0,4415.0,0.0,5464.0,9879.0,3318.0,0.0,54.0,3372.0,0.7455286393479738,0.5709297814560973,,0.9902138455962305,2066.0,0.0,16.0,2082.0,158.0,2240.0,768.0,136.0,2026-04-01
RGN,NHS England East Of England,North West Anglia NHS Foundation Trust,15369.0,0.0,5382.0,20751.0,9959.0,0.0,5297.0,15256.0,5410.0,0.0,85.0,5495.0,0.7351934846513422,0.6479927126032924,,0.9842066146413972,3749.0,0.0,50.0,3799.0,1316.0,5115.0,1277.0,782.0,2026-04-01
RGP,NHS England East Of England,James Paget University Hospitals NHS Foundation Trust,7901.0,0.0,1526.0,9427.0,5338.0,0.0,1526.0,6864.0,2563.0,0.0,0.0,2563.0,0.7281213535589265,0.6756106821921276,,1.0,1554.0,0.0,0.0,1554.0,482.0,2036.0,778.0,276.0,2026-04-01
RGR,NHS England East Of England,West Suffolk NHS Foundation Trust,8169.0,0.0,962.0,9131.0,5880.0,0.0,962.0,6842.0,2289.0,0.0,0.0,2289.0,0.7493155185631366,0.7197943444730077,,1.0,1654.0,0.0,0.0,1654.0,315.0,1969.0,847.0,423.0,2026-04-01
RGT,NHS England East Of England,Cambridge University Hospitals NHS Foundation Trust,11540.0,0.0,5691.0,17231.0,6367.0,0.0,5450.0,11817.0,5173.0,0.0,241.0,5414.0,0.6857988509082468,0.551733102253033,,0.9576524336671938,2676.0,0.0,37.0,2713.0,385.0,3098.0,986.0,446.0,2026-04-01
RH5,NHS England South West,Somerset NHS Foundation Trust,11684.0,0.0,10038.0,21722.0,6322.0,0.0,9766.0,16088.0,5362.0,0.0,272.0,5634.0,0.7406316177147593,0.5410818212940773,,0.9729029687188683,2992.0,0.0,0.0,2992.0,1665.0,4657.0,608.0,96.0,2026-04-01
RH8,NHS England South West,Royal Devon University Healthcare NHS Foundation Trust,14009.0,0.0,4239.0,18248.0,8003.0,0.0,4228.0,12231.0,6006.0,0.0,11.0,6017.0,0.6702652345462516,0.5712756085373688,,0.9974050483604624,3229.0,0.0,0.0,3229.0,1796.0,5025.0,1172.0,256.0,2026-04-01
RHM,NHS England South East,University Hospital Southampton NHS Foundation Trust,11547.0,1193.0,0.0,12740.0,7805.0,1186.0,0.0,8991.0,3742.0,7.0,0.0,3749.0,0.7057299843014129,0.6759331428076557,0.9941324392288349,,3940.0,13.0,0.0,3953.0,1619.0,5572.0,426.0,11.0,2026-04-01
RHQ,NHS England North East And Yorkshire,Sheffield Teaching Hospitals NHS Foundation Trust,9410.0,1208.0,7878.0,18496.0,5084.0,1207.0,7435.0,13726.0,4326.0,1.0,443.0,4770.0,0.742106401384083,0.5402763018065887,0.9991721854304636,0.9437674536684437,3095.0,0.0,0.0,3095.0,3463.0,6558.0,869.0,7.0,2026-04-01
RHU,NHS England South East,Portsmouth Hospitals University NHS Trust,12545.0,1055.0,4146.0,17746.0,8238.0,1044.0,4142.0,13424.0,4307.0,11.0,4.0,4322.0,0.7564521582328412,0.6566759665205261,0.9895734597156398,0.9990352146647371,3123.0,0.0,0.0,3123.0,2348.0,5471.0,1825.0,1038.0,2026-04-01
RHW,NHS England South East,Royal Berkshire NHS Foundation Trust,12536.0,2628.0,3083.0,18247.0,8287.0,2587.0,3083.0,13957.0,4249.0,41.0,0.0,4290.0,0.764892859100126,0.6610561582641991,0.9843987823439878,1.0,2327.0,0.0,0.0,2327.0,338.0,2665.0,720.0,16.0,2026-04-01
RJ1,NHS England London,Guy's And St Thomas' NHS Foundation Trust,10427.0,0.0,7007.0,17434.0,6640.0,0.0,6820.0,13460.0,3787.0,0.0,187.0,3974.0,0.7720546059424114,0.6368082861801093,,0.9733124018838305,2043.0,0.0,0.0,2043.0,266.0,2309.0,200.0,61.0,2026-04-01
RJ2,NHS England London,Lewisham And Greenwich NHS Trust,15928.0,0.0,17880.0,33808.0,8455.0,0.0,17609.0,26064.0,7473.0,0.0,271.0,7744.0,0.7709417889256981,0.5308262179809141,,0.9848434004474272,3937.0,0.0,0.0,3937.0,530.0,4467.0,1461.0,466.0,2026-04-01
RJ6,NHS England London,Croydon Health Services NHS Trust,13177.0,0.0,5030.0,18207.0,8611.0,0.0,5030.0,13641.0,4566.0,0.0,0.0,4566.0,0.7492173339924205,0.6534871366775442,,1.0,1031.0,0.0,0.0,1031.0,116.0,1147.0,892.0,709.0,2026-04-01
RJ7,NHS England London,St George's University Hospitals NHS Foundation Trust,9077.0,0.0,4099.0,13176.0,6689.0,0.0,3986.0,10675.0,2388.0,0.0,113.0,2501.0,0.8101851851851852,0.7369174837501377,,0.9724323005611125,1939.0,0.0,0.0,1939.0,571.0,2510.0,938.0,467.0,2026-04-01
RJ8,NHS England South West,Cornwall Partnership NHS Foundation Trust,0.0,0.0,0.0,0.0,0.0,0.0,0.0,0.0,0.0,0.0,0.0,0.0,,,,,0.0,0.0,13.0,13.0,60.0,73.0,0.0,0.0,2026-04-01
RJC,NHS England Midlands,South Warwickshire University NHS Foundation Trust,8523.0,0.0,441.0,8964.0,6546.0,0.0,441.0,6987.0,1977.0,0.0,0.0,1977.0,0.7794511378848729,0.7680394227384724,,1.0,1857.0,0.0,0.0,1857.0,599.0,2456.0,364.0,35.0,2026-04-01
RJE,NHS England Midlands,University Hospitals Of North Midlands NHS Trust,15741.0,537.0,8821.0,25099.0,7867.0,537.0,8711.0,17115.0,7874.0,0.0,110.0,7984.0,0.6818996772779792,0.49977765072104696,1.0,0.9875297585307788,4657.0,0.0,0.0,4657.0,1159.0,5816.0,2017.0,835.0,2026-04-01
RJL,NHS England North East And Yorkshire,Northern Lincolnshire And Goole NHS Foundation Trust,10268.0,0.0,6874.0,17142.0,5254.0,0.0,6815.0,12069.0,5014.0,0.0,59.0,5073.0,0.7040602030101505,0.5116867939228672,,0.9914169333721269,5143.0,0.0,0.0,5143.0,330.0,5473.0,1487.0,762.0,2026-04-01
RJN,NHS England North West,East Cheshire NHS Trust,4479.0,0.0,72.0,4551.0,2338.0,0.0,72.0,2410.0,2141.0,0.0,0.0,2141.0,0.5295539441880905,0.5219915159633847,,1.0,829.0,0.0,0.0,829.0,188.0,1017.0,605.0,317.0,2026-04-01
RJR,NHS England North West,Countess Of Chester Hospital NHS Foundation Trust,5408.0,0.0,2441.0,7849.0,2874.0,0.0,2215.0,5089.0,2534.0,0.0,226.0,2760.0,0.6483628487705441,0.5314349112426036,,0.9074149938549775,1855.0,0.0,0.0,1855.0,1085.0,2940.0,1088.0,726.0,2026-04-01
RJZ,NHS England London,King's College Hospital NHS Foundation Trust,15209.0,0.0,10168.0,25377.0,9037.0,0.0,9714.0,18751.0,6172.0,0.0,454.0,6626.0,0.7388974268037987,0.5941876520481294,,0.9553501180173092,3592.0,0.0,0.0,3592.0,320.0,3912.0,2205.0,617.0,2026-04-01
RK5,NHS England Midlands,Sherwood Forest Hospitals NHS Foundation Trust,11236.0,0.0,5497.0,16733.0,6842.0,0.0,4885.0,11727.0,4394.0,0.0,612.0,5006.0,0.7008306938385227,0.608935564257743,,0.8886665453883936,3532.0,0.0,0.0,3532.0,234.0,3766.0,942.0,280.0,2026-04-01
RK9,NHS England South West,University Hospitals Plymouth NHS Trust,8684.0,129.0,7641.0,16454.0,3424.0,122.0,7530.0,11076.0,5260.0,7.0,111.0,5378.0,0.6731493861674973,0.3942883463841548,0.9457364341085271,0.9854731056144483,3142.0,0.0,0.0,3142.0,1670.0,4812.0,1015.0,304.0,2026-04-01
RKB,NHS England Midlands,University Hospitals Coventry And Warwickshire NHS Trust,12679.0,2518.0,6026.0,21223.0,7661.0,2478.0,5924.0,16063.0,5018.0,40.0,102.0,5160.0,0.7568675493568299,0.604227462733654,0.9841143764892772,0.9830733488217723,937.0,55.0,37.0,1029.0,305.0,1334.0,49.0,9.0,2026-04-01
RKE,NHS England London,Whittington Health NHS Trust,9009.0,0.0,0.0,9009.0,6701.0,0.0,0.0,6701.0,2308.0,0.0,0.0,2308.0,0.7438117438117439,0.7438117438117439,,,1358.0,0.0,0.0,1358.0,24.0,1382.0,466.0,213.0,2026-04-01
RL1,NHS England Midlands,The Robert Jones And Agnes Hunt Orthopaedic Hospital NHS Foundation Trust,0.0,0.0,0.0,0.0,0.0,0.0,0.0,0.0,0.0,0.0,0.0,0.0,,,,,0.0,0.0,0.0,0.0,40.0,40.0,0.0,0.0,2026-04-01
RL4,NHS England Midlands,The Royal Wolverhampton NHS Trust,10936.0,1633.0,7772.0,20341.0,7143.0,1622.0,7703.0,16468.0,3793.0,11.0,69.0,3873.0,0.8095963816921489,0.6531638624725676,0.9932639314145744,0.9911219763252702,4318.0,0.0,124.0,4442.0,2838.0,7280.0,1390.0,498.0,2026-04-01
RLQ,NHS England Midlands,Wye Valley NHS Trust,6113.0,908.0,155.0,7176.0,3687.0,908.0,155.0,4750.0,2426.0,0.0,0.0,2426.0,0.6619286510590858,0.603140847374448,1.0,1.0,1403.0,0.0,0.0,1403.0,139.0,1542.0,550.0,161.0,2026-04-01
RLT,NHS England Midlands,George Eliot Hospital NHS Trust,7143.0,0.0,1576.0,8719.0,6232.0,0.0,1576.0,7808.0,911.0,0.0,0.0,911.0,0.8955155407730244,0.872462550748985,,1.0,1173.0,0.0,0.0,1173.0,0.0,1173.0,466.0,170.0,2026-04-01
RM1,NHS England East Of England,Norfolk And Norwich University Hospitals NHS Foundation Trust,13090.0,0.0,7851.0,20941.0,9703.0,0.0,7850.0,17553.0,3387.0,0.0,1.0,3388.0,0.8382121197650542,0.7412528647822766,,0.99987262769074,2318.0,0.0,0.0,2318.0,1561.0,3879.0,775.0,142.0,2026-04-01
RM3,NHS England North West,Northern Care Alliance NHS Foundation Trust,26143.0,0.0,8998.0,35141.0,16938.0,0.0,8762.0,25700.0,9205.0,0.0,236.0,9441.0,0.7313394610284283,0.6478980989174923,,0.9737719493220716,7304.0,0.0,348.0,7652.0,2420.0,10072.0,2191.0,1242.0,2026-04-01
RMC,NHS England North West,Bolton NHS Foundation Trust,8158.0,0.0,3746.0,11904.0,4992.0,0.0,3626.0,8618.0,3166.0,0.0,120.0,3286.0,0.7239583333333334,0.6119146849718068,,0.9679658302189001,2406.0,0.0,175.0,2581.0,796.0,3377.0,836.0,476.0,2026-04-01
RMP,NHS England North West,Tameside And Glossop Integrated Care NHS Foundation Trust,8811.0,0.0,2681.0,11492.0,4913.0,0.0,2663.0,7576.0,3898.0,0.0,18.0,3916.0,0.6592412112774104,0.557598456474861,,0.9932860872808653,1578.0,0.0,0.0,1578.0,275.0,1853.0,1076.0,724.0,2026-04-01
RN3,NHS England South West,Great Western Hospitals NHS Foundation Trust,7088.0,0.0,4812.0,11900.0,3871.0,0.0,4188.0,8059.0,3217.0,0.0,624.0,3841.0,0.6772268907563025,0.5461343115124153,,0.8703241895261845,2588.0,0.0,0.0,2588.0,1123.0,3711.0,1028.0,273.0,2026-04-01
RN5,NHS England South East,Hampshire Hospitals NHS Foundation Trust,9888.0,80.0,4976.0,14944.0,4911.0,80.0,4619.0,9610.0,4977.0,0.0,357.0,5334.0,0.6430674518201285,0.4966626213592233,1.0,0.9282556270096463,3609.0,12.0,35.0,3656.0,957.0,4613.0,156.0,11.0,2026-04-01
RN7,NHS England South East,Dartford And Gravesham NHS Trust,11594.0,0.0,3871.0,15465.0,8858.0,0.0,3847.0,12705.0,2736.0,0.0,24.0,2760.0,0.8215324927255092,0.7640158702777299,,0.9938000516662361,3709.0,0.0,0.0,3709.0,315.0,4024.0,922.0,404.0,2026-04-01
RNA,NHS England Midlands,The Dudley Group NHS Foundation Trust,10352.0,0.0,4362.0,14714.0,7780.0,0.0,4310.0,12090.0,2572.0,0.0,52.0,2624.0,0.821666440125051,0.7515455950540958,,0.9880788629069235,3600.0,0.0,0.0,3600.0,2665.0,6265.0,1058.0,207.0,2026-04-01
RNN,NHS England North East And Yorkshire,North Cumbria Integrated Care NHS Foundation Trust,9182.0,0.0,2026.0,11208.0,4942.0,0.0,1977.0,6919.0,4240.0,0.0,49.0,4289.0,0.617326909350464,0.5382269658026574,,0.9758144126357354,2034.0,0.0,0.0,2034.0,413.0,2447.0,1054.0,448.0,2026-04-01
RNQ,NHS England Midlands,Kettering General Hospital NHS Foundation Trust,10777.0,0.0,8721.0,19498.0,6888.0,0.0,8715.0,15603.0,3889.0,0.0,6.0,3895.0,0.800235921632988,0.639138906931428,,0.9993120055039559,1837.0,0.0,0.0,1837.0,225.0,2062.0,1221.0,644.0,2026-04-01
RNS,NHS England Midlands,Northampton General Hospital NHS Trust,11019.0,693.0,1936.0,13648.0,7643.0,676.0,1930.0,10249.0,3376.0,17.0,6.0,3399.0,0.7509525205158265,0.693620110717851,0.9754689754689755,0.996900826446281,2503.0,0.0,0.0,2503.0,472.0,2975.0,1247.0,881.0,2026-04-01
RNU,NHS England South East,Oxford Health NHS Foundation Trust,0.0,0.0,4353.0,4353.0,0.0,0.0,3973.0,3973.0,0.0,0.0,380.0,380.0,0.9127038823799678,,,0.9127038823799678,0.0,0.0,0.0,0.0,0.0,0.0,0.0,0.0,2026-04-01
RNZ,NHS England South West,Salisbury NHS Foundation Trust,5040.0,353.0,1939.0,7332.0,2925.0,353.0,1939.0,5217.0,2115.0,0.0,0.0,2115.0,0.7115384615384616,0.5803571428571429,1.0,1.0,1356.0,0.0,0.0,1356.0,879.0,2235.0,565.0,135.0,2026-04-01
RP5,NHS England North East And Yorkshire,Doncaster And Bassetlaw Teaching Hospitals NHS Foundation Trust,14041.0,0.0,4030.0,18071.0,9434.0,0.0,4025.0,13459.0,4607.0,0.0,5.0,4612.0,0.7447844612915722,0.6718894665622107,,0.9987593052109182,3951.0,0.0,434.0,4385.0,1015.0,5400.0,1284.0,239.0,2026-04-01
RP6,NHS England London,Moorfields Eye Hospital NHS Foundation Trust,0.0,6346.0,0.0,6346.0,0.0,6149.0,0.0,6149.0,0.0,197.0,0.0,197.0,0.9689568231957139,,0.9689568231957139,,0.0,6.0,0.0,6.0,241.0,247.0,0.0,0.0,2026-04-01
RPA,NHS England South East,Medway NHS Foundation Trust,9498.0,0.0,6766.0,16264.0,6255.0,0.0,5976.0,12231.0,3243.0,0.0,790.0,4033.0,0.7520290211510083,0.6585596967782691,,0.8832397280520248,1605.0,0.0,0.0,1605.0,551.0,2156.0,1047.0,805.0,2026-04-01
RPC,NHS England South East,Queen Victoria Hospital NHS Foundation Trust,0.0,0.0,1372.0,1372.0,0.0,0.0,1365.0,1365.0,0.0,0.0,7.0,7.0,0.9948979591836735,,,0.9948979591836735,0.0,0.0,10.0,10.0,536.0,546.0,0.0,0.0,2026-04-01
RQ3,NHS England Midlands,Birmingham Women's And Children's NHS Foundation Trust,4660.0,0.0,965.0,5625.0,3772.0,0.0,965.0,4737.0,888.0,0.0,0.0,888.0,0.8421333333333333,0.8094420600858369,,1.0,559.0,0.0,0.0,559.0,180.0,739.0,10.0,1.0,2026-04-01
RQM,NHS England London,Chelsea And Westminster Hospital NHS Foundation Trust,20269.0,0.0,6621.0,26890.0,14644.0,0.0,6382.0,21026.0,5625.0,0.0,239.0,5864.0,0.7819263666790629,0.7224826089101584,,0.9639027337260233,2792.0,0.0,0.0,2792.0,367.0,3159.0,830.0,34.0,2026-04-01
RQW,NHS England East Of England,The Princess Alexandra Hospital NHS Trust,8889.0,0.0,2226.0,11115.0,6776.0,0.0,2226.0,9002.0,2113.0,0.0,0.0,2113.0,0.8098965362123257,0.7622904713691079,,1.0,1739.0,0.0,1.0,1740.0,389.0,2129.0,621.0,168.0,2026-04-01
RQX,NHS England London,Homerton Healthcare NHS Foundation Trust,11100.0,0.0,0.0,11100.0,8829.0,0.0,0.0,8829.0,2271.0,0.0,0.0,2271.0,0.7954054054054054,0.7954054054054054,,,1696.0,0.0,0.0,1696.0,336.0,2032.0,202.0,32.0,2026-04-01
RR7,NHS England North East And Yorkshire,Gateshead Health NHS Foundation Trust,5427.0,0.0,4619.0,10046.0,3171.0,0.0,4567.0,7738.0,2256.0,0.0,52.0,2308.0,0.7702568186342823,0.5843007186290768,,0.9887421519809483,1767.0,0.0,0.0,1767.0,40.0,1807.0,737.0,0.0,2026-04-01
RR8,NHS England North East And Yorkshire,Leeds Teaching Hospitals NHS Trust,18005.0,639.0,11064.0,29708.0,11785.0,639.0,10976.0,23400.0,6220.0,0.0,88.0,6308.0,0.7876666217853777,0.6545404054429326,1.0,0.9920462762111352,3557.0,0.0,0.0,3557.0,1170.0,4727.0,1921.0,400.0,2026-04-01
RRF,NHS England North West,"Wrightington, Wigan And Leigh Teaching Hospitals NHS Foundation Trust",6399.0,0.0,6292.0,12691.0,3456.0,0.0,6254.0,9710.0,2943.0,0.0,38.0,2981.0,0.7651091324560713,0.540084388185654,,0.9939605848696758,2291.0,0.0,0.0,2291.0,379.0,2670.0,849.0,321.0,2026-04-01
RRK,NHS England Midlands,University Hospitals Birmingham NHS Foundation Trust,34005.0,343.0,11449.0,45797.0,20603.0,343.0,11187.0,32133.0,13402.0,0.0,262.0,13664.0,0.7016398454047208,0.6058814880164681,1.0,0.9771159053192419,10422.0,0.0,0.0,10422.0,7499.0,17921.0,4323.0,2279.0,2026-04-01
RRV,NHS England London,University College London Hospitals NHS Foundation Trust,13708.0,0.0,0.0,13708.0,10932.0,0.0,0.0,10932.0,2776.0,0.0,0.0,2776.0,0.7974905164867231,0.7974905164867231,,,1676.0,0.0,0.0,1676.0,452.0,2128.0,274.0,56.0,2026-04-01
RTD,NHS England North East And Yorkshire,The Newcastle Upon Tyne Hospitals NHS Foundation Trust,11707.0,1763.0,9647.0,23117.0,7136.0,1561.0,9562.0,18259.0,4571.0,202.0,85.0,4858.0,0.7898516243457196,0.6095498419748868,0.8854225751559841,0.9911889706644552,3824.0,22.0,0.0,3846.0,2854.0,6700.0,261.0,7.0,2026-04-01
RTE,NHS England South West,Gloucestershire Hospitals NHS Foundation Trust,13819.0,0.0,0.0,13819.0,8973.0,0.0,0.0,8973.0,4846.0,0.0,0.0,4846.0,0.6493233953252768,0.6493233953252768,,,2587.0,0.0,0.0,2587.0,2875.0,5462.0,744.0,487.0,2026-04-01
RTF,NHS England North East And Yorkshire,Northumbria Healthcare NHS Foundation Trust,10348.0,0.0,13502.0,23850.0,8204.0,0.0,13502.0,21706.0,2144.0,0.0,0.0,2144.0,0.9101048218029351,0.7928102048705064,,1.0,4255.0,0.0,5.0,4260.0,547.0,4807.0,13.0,0.0,2026-04-01
RTG,NHS England Midlands,University Hospitals Of Derby And Burton NHS Foundation Trust,21785.0,0.0,9599.0,31384.0,11983.0,0.0,9596.0,21579.0,9802.0,0.0,3.0,9805.0,0.6875796584246749,0.5500573789304567,,0.9996874674445255,4023.0,0.0,2.0,4025.0,2003.0,6028.0,1868.0,749.0,2026-04-01
RTH,NHS England South East,Oxford University Hospitals NHS Foundation Trust,13916.0,1328.0,3514.0,18758.0,10553.0,1328.0,3446.0,15327.0,3363.0,0.0,68.0,3431.0,0.8170913743469453,0.7583357286576603,1.0,0.9806488332384746,5177.0,83.0,20.0,5280.0,4314.0,9594.0,255.0,3.0,2026-04-01
RTK,NHS England South East,Ashford And St Peter's Hospitals NHS Foundation Trust,7563.0,0.0,2710.0,10273.0,4046.0,0.0,2653.0,6699.0,3517.0,0.0,57.0,3574.0,0.6520977319186216,0.5349728943540923,,0.9789667896678966,2329.0,0.0,0.0,2329.0,486.0,2815.0,865.0,368.0,2026-04-01
RTP,NHS England South East,Surrey And Sussex Healthcare NHS Trust,9588.0,0.0,0.0,9588.0,5833.0,0.0,0.0,5833.0,3755.0,0.0,0.0,3755.0,0.6083646224447226,0.6083646224447226,,,3754.0,0.0,0.0,3754.0,925.0,4679.0,1025.0,573.0,2026-04-01
RTQ,NHS England South West,Gloucestershire Health And Care NHS Foundation Trust,0.0,0.0,8704.0,8704.0,0.0,0.0,8519.0,8519.0,0.0,0.0,185.0,185.0,0.9787454044117647,,,0.9787454044117647,0.0,0.0,1.0,1.0,44.0,45.0,0.0,0.0,2026-04-01
RTR,NHS England North East And Yorkshire,South Tees Hospitals NHS Foundation Trust,7320.0,0.0,11526.0,18846.0,3613.0,0.0,11211.0,14824.0,3707.0,0.0,315.0,4022.0,0.7865860129470444,0.4935792349726776,,0.9726704841228527,2192.0,0.0,406.0,2598.0,2258.0,4856.0,473.0,31.0,2026-04-01
RTX,NHS England North West,University Hospitals Of Morecambe Bay NHS Foundation Trust,8830.0,0.0,4890.0,13720.0,4849.0,0.0,4802.0,9651.0,3981.0,0.0,88.0,4069.0,0.7034256559766764,0.5491506228765571,,0.9820040899795501,2960.0,0.0,11.0,2971.0,916.0,3887.0,1269.0,615.0,2026-04-01
RV9,NHS England North East And Yorkshire,Humber Teaching NHS Foundation Trust,0.0,0.0,1197.0,1197.0,0.0,0.0,1193.0,1193.0,0.0,0.0,4.0,4.0,0.9966583124477861,,,0.9966583124477861,0.0,0.0,0.0,0.0,0.0,0.0,0.0,0.0,2026-04-01
RVJ,NHS England South West,North Bristol NHS Trust,9301.0,0.0,0.0,9301.0,6093.0,0.0,0.0,6093.0,3208.0,0.0,0.0,3208.0,0.6550908504461885,0.6550908504461885,,,3321.0,0.0,0.0,3321.0,2193.0,5514.0,672.0,183.0,2026-04-01
RVR,NHS England London,Epsom And St Helier University Hospitals NHS Trust,10344.0,0.0,2950.0,13294.0,6994.0,0.0,2455.0,9449.0,3350.0,0.0,495.0,3845.0,0.7107717767413871,0.6761407579273009,,0.8322033898305085,1996.0,0.0,0.0,1996.0,217.0,2213.0,1318.0,717.0,2026-04-01
RVV,NHS England South East,East Kent Hospitals University NHS Foundation Trust,13335.0,0.0,11981.0,25316.0,7679.0,0.0,11627.0,19306.0,5656.0,0.0,354.0,6010.0,0.7626007268130827,0.5758530183727034,,0.9704532175945246,3019.0,0.0,493.0,3512.0,554.0,4066.0,1681.0,1050.0,2026-04-01
RVW,NHS England North East And Yorkshire,North Tees And Hartlepool NHS Foundation Trust,4910.0,0.0,11285.0,16195.0,2683.0,0.0,11253.0,13936.0,2227.0,0.0,32.0,2259.0,0.8605125038592158,0.5464358452138492,,0.9971643774922463,1688.0,0.0,433.0,2121.0,2325.0,4446.0,116.0,2.0,2026-04-01
RW1,NHS England South East,Hampshire And Isle Of Wight Healthcare NHS Foundation Trust,0.0,0.0,2917.0,2917.0,0.0,0.0,2893.0,2893.0,0.0,0.0,24.0,24.0,0.9917723688721289,,,0.9917723688721289,0.0,0.0,2.0,2.0,115.0,117.0,0.0,0.0,2026-04-01
RW4,NHS England North West,Mersey Care NHS Foundation Trust,0.0,0.0,13634.0,13634.0,0.0,0.0,13400.0,13400.0,0.0,0.0,234.0,234.0,0.982837025084348,,,0.982837025084348,0.0,0.0,0.0,0.0,30.0,30.0,0.0,0.0,2026-04-01
RWA,NHS England North East And Yorkshire,Hull University Teaching Hospitals NHS Trust,9908.0,0.0,4307.0,14215.0,5355.0,0.0,3986.0,9341.0,4553.0,0.0,321.0,4874.0,0.6571227576503693,0.5404723455793299,,0.925470164847922,3874.0,0.0,0.0,3874.0,1911.0,5785.0,1212.0,287.0,2026-04-01
RWD,NHS England Midlands,United Lincolnshire Teaching Hospitals NHS Trust,18091.0,0.0,4266.0,22357.0,13857.0,0.0,3985.0,17842.0,4234.0,0.0,281.0,4515.0,0.7980498277944268,0.765960975070477,,0.9341303328645101,4748.0,0.0,0.0,4748.0,1073.0,5821.0,1587.0,819.0,2026-04-01
RWE,NHS England Midlands,University Hospitals Of Leicester NHS Trust,22769.0,2096.0,0.0,24865.0,14359.0,1985.0,0.0,16344.0,8410.0,111.0,0.0,8521.0,0.6573094711441786,0.6306381483596117,0.9470419847328244,,6990.0,4.0,0.0,6994.0,3480.0,10474.0,2052.0,993.0,2026-04-01
RWF,NHS England South East,Maidstone And Tunbridge Wells NHS Trust,19205.0,0.0,2012.0,21217.0,14762.0,0.0,2010.0,16772.0,4443.0,0.0,2.0,4445.0,0.7904981854173541,0.7686539963551159,,0.9990059642147118,2053.0,0.0,0.0,2053.0,635.0,2688.0,1211.0,261.0,2026-04-01
RWG,NHS England East Of England,West Hertfordshire Teaching Hospitals NHS Trust,8487.0,0.0,8598.0,17085.0,6602.0,0.0,8459.0,15061.0,1885.0,0.0,139.0,2024.0,0.8815335089259585,0.7778956050430069,,0.9838334496394511,4629.0,0.0,0.0,4629.0,604.0,5233.0,720.0,19.0,2026-04-01
RWH,NHS England East Of England,East And North Hertfordshire Teaching NHS Trust,8679.0,0.0,8795.0,17474.0,4552.0,0.0,8717.0,13269.0,4127.0,0.0,78.0,4205.0,0.7593567586127962,0.5244843876022584,,0.9911313246162592,2304.0,0.0,1.0,2305.0,273.0,2578.0,201.0,131.0,2026-04-01
RWJ,NHS England North West,Stockport NHS Foundation Trust,8238.0,0.0,2388.0,10626.0,5004.0,0.0,2340.0,7344.0,3234.0,0.0,48.0,3282.0,0.6911349520045172,0.607428987618354,,0.9798994974874372,2498.0,0.0,44.0,2542.0,928.0,3470.0,1041.0,441.0,2026-04-01
RWP,NHS England Midlands,Worcestershire Acute Hospitals NHS Trust,14067.0,0.0,6098.0,20165.0,7960.0,0.0,6067.0,14027.0,6107.0,0.0,31.0,6138.0,0.695611207537813,0.5658633681666311,,0.9949163660216465,3204.0,0.0,0.0,3204.0,813.0,4017.0,1624.0,848.0,2026-04-01
RWW,NHS England North West,North Cheshire And Mersey NHS Foundation Trust,7096.0,0.0,6573.0,13669.0,3904.0,0.0,6533.0,10437.0,3192.0,0.0,40.0,3232.0,0.7635525641963568,0.5501691093573844,,0.993914498706831,1767.0,0.0,0.0,1767.0,122.0,1889.0,1344.0,756.0,2026-04-01
RWX,NHS England South East,Berkshire Healthcare NHS Foundation Trust,0.0,0.0,1441.0,1441.0,0.0,0.0,1422.0,1422.0,0.0,0.0,19.0,19.0,0.9868147120055517,,,0.9868147120055517,0.0,0.0,35.0,35.0,0.0,35.0,0.0,0.0,2026-04-01
RWY,NHS England North East And Yorkshire,Calderdale And Huddersfield NHS Foundation Trust,15596.0,0.0,0.0,15596.0,13340.0,0.0,0.0,13340.0,2256.0,0.0,0.0,2256.0,0.8553475250064119,0.8553475250064119,,,2828.0,0.0,0.0,2828.0,181.0,3009.0,1118.0,50.0,2026-04-01
RX1,NHS England Midlands,Nottingham University Hospitals NHS Trust,12555.0,1943.0,9716.0,24214.0,5611.0,1745.0,8855.0,16211.0,6944.0,198.0,861.0,8003.0,0.6694887255306847,0.4469135802469136,0.8980957282552754,0.9113832853025937,3823.0,0.0,995.0,4818.0,3899.0,8717.0,975.0,819.0,2026-04-01
RXC,NHS England South East,East Sussex Healthcare NHS Trust,11317.0,0.0,3754.0,15071.0,7908.0,0.0,3720.0,11628.0,3409.0,0.0,34.0,3443.0,0.771548006104439,0.6987717593001679,,0.9909429941395844,2230.0,0.0,0.0,2230.0,505.0,2735.0,411.0,150.0,2026-04-01
RXF,NHS England North East And Yorkshire,Mid Yorkshire Teaching NHS Trust,16752.0,117.0,6747.0,23616.0,10608.0,117.0,6519.0,17244.0,6144.0,0.0,228.0,6372.0,0.7301829268292683,0.6332378223495702,1.0,0.9662072032014228,3383.0,0.0,179.0,3562.0,818.0,4380.0,2385.0,356.0,2026-04-01
RXG,NHS England North East And Yorkshire,South West Yorkshire Partnership NHS Foundation Trust,0.0,0.0,0.0,0.0,0.0,0.0,0.0,0.0,0.0,0.0,0.0,0.0,,,,,0.0,0.0,0.0,0.0,135.0,135.0,0.0,0.0,2026-04-01
RXK,NHS England Midlands,Sandwell And West Birmingham Hospitals NHS Trust,11301.0,1111.0,8332.0,20744.0,6473.0,892.0,8191.0,15556.0,4828.0,219.0,141.0,5188.0,0.7499035865792518,0.5727811698079815,0.8028802880288028,0.9830772923667787,2480.0,0.0,29.0,2509.0,61.0,2570.0,1126.0,495.0,2026-04-01
RXL,NHS England North West,Blackpool Teaching Hospitals NHS Foundation Trust,8948.0,0.0,10747.0,19695.0,5363.0,0.0,10490.0,15853.0,3585.0,0.0,257.0,3842.0,0.804925107895405,0.5993518104604381,,0.9760863496789802,1926.0,0.0,0.0,1926.0,2348.0,4274.0,840.0,343.0,2026-04-01
RXN,NHS England North West,Lancashire Teaching Hospitals NHS Foundation Trust,12271.0,0.0,3372.0,15643.0,7943.0,0.0,3208.0,11151.0,4328.0,0.0,164.0,4492.0,0.712842805088538,0.6472985086789993,,0.9513641755634639,3004.0,0.0,110.0,3114.0,1094.0,4208.0,1427.0,360.0,2026-04-01
RXP,NHS England North East And Yorkshire,County Durham And Darlington NHS Foundation Trust,12517.0,0.0,11183.0,23700.0,7396.0,0.0,11183.0,18579.0,5121.0,0.0,0.0,5121.0,0.7839240506329114,0.5908764080850044,,1.0,4299.0,0.0,0.0,4299.0,762.0,5061.0,1960.0,14.0,2026-04-01
RXQ,NHS England South East,Buckinghamshire Healthcare NHS Trust,8445.0,1090.0,2902.0,12437.0,5430.0,1090.0,2856.0,9376.0,3015.0,0.0,46.0,3061.0,0.7538795529468522,0.6429840142095915,1.0,0.9841488628532047,3334.0,930.0,0.0,4264.0,1239.0,5503.0,516.0,258.0,2026-04-01
RXR,NHS England North West,East Lancashire Hospitals NHS Trust,13969.0,0.0,11401.0,25370.0,9408.0,0.0,10773.0,20181.0,4561.0,0.0,628.0,5189.0,0.7954670871107608,0.6734913021690887,,0.9449171125339882,4175.0,0.0,101.0,4276.0,1623.0,5899.0,1459.0,1084.0,2026-04-01
RXW,NHS England Midlands,The Shrewsbury And Telford Hospital NHS Trust,11354.0,0.0,2451.0,13805.0,5578.0,0.0,2248.0,7826.0,5776.0,0.0,203.0,5979.0,0.5668960521550163,0.49128060595384887,,0.9171766625866993,3578.0,0.0,148.0,3726.0,2024.0,5750.0,1787.0,1026.0,2026-04-01
RY4,NHS England East Of England,Hertfordshire Community NHS Trust,0.0,0.0,1134.0,1134.0,0.0,0.0,1076.0,1076.0,0.0,0.0,58.0,58.0,0.9488536155202821,,,0.9488536155202821,0.0,0.0,0.0,0.0,0.0,0.0,0.0,0.0,2026-04-01
RY5,NHS England Midlands,Lincolnshire Community Health Services NHS Trust,0.0,0.0,8678.0,8678.0,0.0,0.0,8561.0,8561.0,0.0,0.0,117.0,117.0,0.9865176307905047,,,0.9865176307905047,0.0,0.0,0.0,0.0,0.0,0.0,0.0,0.0,2026-04-01
RY7,NHS England North West,Wirral Community Health And Care NHS Foundation Trust,0.0,0.0,3814.0,3814.0,0.0,0.0,3687.0,3687.0,0.0,0.0,127.0,127.0,0.9667016255899318,,,0.9667016255899318,0.0,0.0,0.0,0.0,0.0,0.0,0.0,0.0,2026-04-01
RY8,NHS England Midlands,Derbyshire Community Health Services NHS Foundation Trust,0.0,0.0,9106.0,9106.0,0.0,0.0,8623.0,8623.0,0.0,0.0,483.0,483.0,0.9469580496376016,,,0.9469580496376016,0.0,0.0,0.0,0.0,0.0,0.0,0.0,0.0,2026-04-01
RYF,NHS England South West,South Western Ambulance Service NHS Foundation Trust,0.0,0.0,2080.0,2080.0,0.0,0.0,2048.0,2048.0,0.0,0.0,32.0,32.0,0.9846153846153847,,,0.9846153846153847,0.0,0.0,0.0,0.0,0.0,0.0,0.0,0.0,2026-04-01
RYG,NHS England Midlands,Coventry And Warwickshire Partnership NHS Trust,0.0,0.0,0.0,0.0,0.0,0.0,0.0,0.0,0.0,0.0,0.0,0.0,,,,,0.0,0.0,9.0,9.0,48.0,57.0,0.0,0.0,2026-04-01
RYJ,NHS England London,Imperial College Healthcare NHS Trust,11638.0,3880.0,7718.0,23236.0,7057.0,3790.0,7410.0,18257.0,4581.0,90.0,308.0,4979.0,0.7857204338096058,0.6063756659219797,0.9768041237113402,0.9600932884166883,3354.0,0.0,0.0,3354.0,1173.0,4527.0,503.0,0.0,2026-04-01
RYR,NHS England South East,University Hospitals Sussex NHS Foundation Trust,28723.0,1629.0,2241.0,32593.0,17930.0,1584.0,1995.0,21509.0,10793.0,45.0,246.0,11084.0,0.6599269781855,0.6242384152073251,0.9723756906077348,0.8902275769745649,8133.0,31.0,145.0,8309.0,1600.0,9909.0,1630.0,900.0,2026-04-01
RYX,NHS England London,Central London Community Healthcare NHS Trust,0.0,0.0,13063.0,13063.0,0.0,0.0,12887.0,12887.0,0.0,0.0,176.0,176.0,0.9865268315088418,,,0.9865268315088418,0.0,0.0,0.0,0.0,0.0,0.0,0.0,0.0,2026-04-01
RYY,NHS England South East,Kent Community Health NHS Foundation Trust,0.0,0.0,6443.0,6443.0,0.0,0.0,6433.0,6433.0,0.0,0.0,10.0,10.0,0.9984479279838584,,,0.9984479279838584,0.0,0.0,0.0,0.0,0.0,0.0,0.0,0.0,2026-04-01
Y02428,NHS England East Of England,Putnoe Walk In Centre,0.0,0.0,2645.0,2645.0,0.0,0.0,2645.0,2645.0,0.0,0.0,0.0,0.0,1.0,,,1.0,0.0,0.0,0.0,0.0,0.0,0.0,0.0,0.0,2026-04-01
Y02532,NHS England North West,Miriam Minor Emergency,0.0,0.0,1620.0,1620.0,0.0,0.0,1620.0,1620.0,0.0,0.0,0.0,0.0,1.0,,,1.0,0.0,0.0,0.0,0.0,0.0,0.0,0.0,0.0,2026-04-01
Y02676,NHS England South East,Brighton Station Health Centre,0.0,0.0,1960.0,1960.0,0.0,0.0,1960.0,1960.0,0.0,0.0,0.0,0.0,1.0,,,1.0,0.0,0.0,0.0,0.0,0.0,0.0,0.0,0.0,2026-04-01
AAH,NHS England South West,Tetbury Hospital Trust Ltd,0.0,0.0,610.0,610.0,0.0,0.0,610.0,610.0,0.0,0.0,0.0,0.0,1.0,,,1.0,0.0,0.0,0.0,0.0,0.0,0.0,0.0,0.0,2026-05-01
ACH01,NHS England South East,Whitstable Medical Practice,0.0,0.0,5139.0,5139.0,0.0,0.0,5139.0,5139.0,0.0,0.0,0.0,0.0,1.0,,,1.0,0.0,0.0,0.0,0.0,0.0,0.0,0.0,0.0,2026-05-01
AD913,NHS England London,Beckenham Beacon Ucc,0.0,0.0,4103.0,4103.0,0.0,0.0,4096.0,4096.0,0.0,0.0,7.0,7.0,0.9982939312698026,,,0.9982939312698026,0.0,0.0,0.0,0.0,0.0,0.0,0.0,0.0,2026-05-01
AJN,NHS England North East And Yorkshire,Workington Health Limited,0.0,0.0,429.0,429.0,0.0,0.0,429.0,429.0,0.0,0.0,0.0,0.0,1.0,,,1.0,0.0,0.0,0.0,0.0,0.0,0.0,0.0,0.0,2026-05-01
AQM01,NHS England South East,Faversham Medical Practice Miu,0.0,0.0,3044.0,3044.0,0.0,0.0,3044.0,3044.0,0.0,0.0,0.0,0.0,1.0,,,1.0,0.0,0.0,0.0,0.0,0.0,0.0,0.0,0.0,2026-05-01
AQN04,NHS England South East,Phl Lymington Utc,0.0,0.0,3567.0,3567.0,0.0,0.0,3485.0,3485.0,0.0,0.0,82.0,82.0,0.9770114942528736,,,0.9770114942528736,0.0,0.0,0.0,0.0,0.0,0.0,0.0,0.0,2026-05-01
ARN03,NHS England North East And Yorkshire,Local Care Direct,0.0,0.0,2433.0,2433.0,0.0,0.0,2424.0,2424.0,0.0,0.0,9.0,9.0,0.9963008631319359,,,0.9963008631319359,0.0,0.0,0.0,0.0,0.0,0.0,0.0,0.0,2026-05-01
C82009,NHS England Midlands,Market Harborough Med.Ctr,0.0,0.0,264.0,264.0,0.0,0.0,264.0,264.0,0.0,0.0,0.0,0.0,1.0,,,1.0,0.0,0.0,0.0,0.0,0.0,0.0,0.0,0.0,2026-05-01
C82038,NHS England Midlands,Latham House Medical Practice,0.0,0.0,268.0,268.0,0.0,0.0,268.0,268.0,0.0,0.0,0.0,0.0,1.0,,,1.0,0.0,0.0,0.0,0.0,0.0,0.0,0.0,0.0,2026-05-01
C83023,NHS England Midlands,Sleaford Medical Group,0.0,0.0,544.0,544.0,0.0,0.0,544.0,544.0,0.0,0.0,0.0,0.0,1.0,,,1.0,0.0,0.0,0.0,0.0,3.0,3.0,0.0,0.0,2026-05-01
DJV01,NHS England South East,Herne Bay Health Care Ltd,0.0,0.0,2738.0,2738.0,0.0,0.0,2738.0,2738.0,0.0,0.0,0.0,0.0,1.0,,,1.0,0.0,0.0,0.0,0.0,0.0,0.0,0.0,0.0,2026-05-01
DT301,NHS England East Of England,Herts Urgent Care (Ascots Lane),0.0,0.0,2194.0,2194.0,0.0,0.0,2012.0,2012.0,0.0,0.0,182.0,182.0,0.9170464904284412,,,0.9170464904284412,0.0,0.0,0.0,0.0,0.0,0.0,0.0,0.0,2026-05-01
G0Q0L,NHS England London,Barking Hospital Utc,0.0,0.0,2972.0,2972.0,0.0,0.0,2948.0,2948.0,0.0,0.0,24.0,24.0,0.9919246298788694,,,0.9919246298788694,0.0,0.0,0.0,0.0,0.0,0.0,0.0,0.0,2026-05-01
G3P9C,NHS England South West,Trowbridge Minor Injuries Unit,0.0,0.0,1318.0,1318.0,0.0,0.0,1314.0,1314.0,0.0,0.0,4.0,4.0,0.9969650986342944,,,0.9969650986342944,0.0,0.0,0.0,0.0,0.0,0.0,0.0,0.0,2026-05-01
K6K0R,NHS England London,Harold Wood Polyclinic Utc,0.0,0.0,2922.0,2922.0,0.0,0.0,2908.0,2908.0,0.0,0.0,14.0,14.0,0.9952087611225188,,,0.9952087611225188,0.0,0.0,0.0,0.0,0.0,0.0,0.0,0.0,2026-05-01
L83087,NHS England South West,Okehampton Medical Centre,0.0,0.0,79.0,79.0,0.0,0.0,79.0,79.0,0.0,0.0,0.0,0.0,1.0,,,1.0,0.0,0.0,0.0,0.0,0.0,0.0,0.0,0.0,2026-05-01
NDJ,NHS England South East,First Community Health And Care Cic,0.0,0.0,2500.0,2500.0,0.0,0.0,2475.0,2475.0,0.0,0.0,25.0,25.0,0.99,,,0.99,0.0,0.0,0.0,0.0,0.0,0.0,0.0,0.0,2026-05-01
NLX,NHS England South West,Sirona Care & Health,0.0,0.0,9525.0,9525.0,0.0,0.0,9161.0,9161.0,0.0,0.0,364.0,364.0,0.9617847769028871,,,0.9617847769028871,0.0,0.0,0.0,0.0,0.0,0.0,0.0,0.0,2026-05-01
NNF09,NHS England North East And Yorkshire,Bransholme Health Centre,0.0,0.0,3857.0,3857.0,0.0,0.0,3403.0,3403.0,0.0,0.0,454.0,454.0,0.8822919367383977,,,0.8822919367383977,0.0,0.0,0.0,0.0,0.0,0.0,0.0,0.0,2026-05-01
NNF16,NHS England North East And Yorkshire,Bridlington Hospital,0.0,0.0,1613.0,1613.0,0.0,0.0,1581.0,1581.0,0.0,0.0,32.0,32.0,0.9801611903285803,,,0.9801611903285803,0.0,0.0,0.0,0.0,0.0,0.0,0.0,0.0,2026-05-01
NNF94,NHS England North East And Yorkshire,East Riding Community Hospital,0.0,0.0,3011.0,3011.0,0.0,0.0,2747.0,2747.0,0.0,0.0,264.0,264.0,0.9123214878777814,,,0.9123214878777814,0.0,0.0,0.0,0.0,0.0,0.0,0.0,0.0,2026-05-01
NNFA7,NHS England North East And Yorkshire,Goole & District Hospital,0.0,0.0,1752.0,1752.0,0.0,0.0,1719.0,1719.0,0.0,0.0,33.0,33.0,0.9811643835616438,,,0.9811643835616438,0.0,0.0,0.0,0.0,0.0,0.0,0.0,0.0,2026-05-01
NNJ,NHS England Midlands,Dhu Health Care C.I.C,0.0,0.0,2250.0,2250.0,0.0,0.0,2250.0,2250.0,0.0,0.0,0.0,0.0,1.0,,,1.0,0.0,0.0,0.0,0.0,0.0,0.0,0.0,0.0,2026-05-01
NNJ07,NHS England Midlands,Loughborough Urgent Care Centre,0.0,0.0,8292.0,8292.0,0.0,0.0,8235.0,8235.0,0.0,0.0,57.0,57.0,0.9931259044862518,,,0.9931259044862518,0.0,0.0,0.0,0.0,0.0,0.0,0.0,0.0,2026-05-01
NNJ0H,NHS England Midlands,Llr Ea - The Merlyn Vaz Health & Social Care Centre,0.0,0.0,3047.0,3047.0,0.0,0.0,3035.0,3035.0,0.0,0.0,12.0,12.0,0.9960617000328191,,,0.9960617000328191,0.0,0.0,0.0,0.0,0.0,0.0,0.0,0.0,2026-05-01
NNJ10,NHS England Midlands,Enderby Leisure Centre,0.0,0.0,375.0,375.0,0.0,0.0,375.0,375.0,0.0,0.0,0.0,0.0,1.0,,,1.0,0.0,0.0,0.0,0.0,0.0,0.0,0.0,0.0,2026-05-01
NNJ11,NHS England Midlands,Lutterworth Hospital,0.0,0.0,162.0,162.0,0.0,0.0,162.0,162.0,0.0,0.0,0.0,0.0,1.0,,,1.0,0.0,0.0,0.0,0.0,0.0,0.0,0.0,0.0,2026-05-01
NNJ12,NHS England Midlands,Market Harborough,0.0,0.0,308.0,308.0,0.0,0.0,308.0,308.0,0.0,0.0,0.0,0.0,1.0,,,1.0,0.0,0.0,0.0,0.0,0.0,0.0,0.0,0.0,2026-05-01
NNJ13,NHS England Midlands,Melton Mowbray,0.0,0.0,369.0,369.0,0.0,0.0,369.0,369.0,0.0,0.0,0.0,0.0,1.0,,,1.0,0.0,0.0,0.0,0.0,0.0,0.0,0.0,0.0,2026-05-01
NNJ14,NHS England Midlands,Oadby,0.0,0.0,2712.0,2712.0,0.0,0.0,2712.0,2712.0,0.0,0.0,0.0,0.0,1.0,,,1.0,0.0,0.0,0.0,0.0,0.0,0.0,0.0,0.0,2026-05-01
NNJ15,NHS England Midlands,Rutland Minor Illness And Injury Service (Formerly Wlhh Pre-April 2026),0.0,0.0,624.0,624.0,0.0,0.0,624.0,624.0,0.0,0.0,0.0,0.0,1.0,,,1.0,0.0,0.0,0.0,0.0,0.0,0.0,0.0,0.0,2026-05-01
NQT1I,NHS England South West,Chippenham Community Hospital,0.0,0.0,1853.0,1853.0,0.0,0.0,1781.0,1781.0,0.0,0.0,72.0,72.0,0.9611440906637885,,,0.9611440906637885,0.0,0.0,0.0,0.0,0.0,0.0,0.0,0.0,2026-05-01
NQT5F,NHS England North West,Skelmersdale Walk In Centre,0.0,0.0,1709.0,1709.0,0.0,0.0,1696.0,1696.0,0.0,0.0,13.0,13.0,0.9923932124049152,,,0.9923932124049152,0.0,0.0,0.0,0.0,0.0,0.0,0.0,0.0,2026-05-01
NQT5H,NHS England South West,Paulton Memorial Hospital,0.0,0.0,1236.0,1236.0,0.0,0.0,1235.0,1235.0,0.0,0.0,1.0,1.0,0.9991909385113269,,,0.9991909385113269,0.0,0.0,0.0,0.0,0.0,0.0,0.0,0.0,2026-05-01
NTP11,NHS England South East,Practice Plus Group Hospital - Southampton,0.0,0.0,5698.0,5698.0,0.0,0.0,5561.0,5561.0,0.0,0.0,137.0,137.0,0.9759564759564759,,,0.9759564759564759,0.0,0.0,0.0,0.0,0.0,0.0,0.0,0.0,2026-05-01
NTPAD,NHS England South East,Practice Plus Group Surgical Centre - St Marys Portsmouth,0.0,0.0,5870.0,5870.0,0.0,0.0,5746.0,5746.0,0.0,0.0,124.0,124.0,0.9788756388415673,,,0.9788756388415673,0.0,0.0,0.0,0.0,0.0,0.0,0.0,0.0,2026-05-01
NTV0B,NHS England South East,Ashford Walk-In-Centre,0.0,0.0,2552.0,2552.0,0.0,0.0,2485.0,2485.0,0.0,0.0,67.0,67.0,0.9737460815047022,,,0.9737460815047022,0.0,0.0,0.0,0.0,0.0,0.0,0.0,0.0,2026-05-01
NTV0W,NHS England South East,Woking Walk In Centre,0.0,0.0,2834.0,2834.0,0.0,0.0,2664.0,2664.0,0.0,0.0,170.0,170.0,0.940014114326041,,,0.940014114326041,0.0,0.0,0.0,0.0,0.0,0.0,0.0,0.0,2026-05-01
NV693,NHS England North West,Rossendale Miu & Ooh,0.0,0.0,1057.0,1057.0,0.0,0.0,1057.0,1057.0,0.0,0.0,0.0,0.0,1.0,,,1.0,0.0,0.0,0.0,0.0,0.0,0.0,0.0,0.0,2026-05-01
NVE43,NHS England South East,Hastings GP Led Health Centre,0.0,0.0,1129.0,1129.0,0.0,0.0,1129.0,1129.0,0.0,0.0,0.0,0.0,1.0,,,1.0,0.0,0.0,0.0,0.0,0.0,0.0,0.0,0.0,2026-05-01
R0A,NHS England North West,Manchester University NHS Foundation Trust,31000.0,3865.0,12423.0,47288.0,19353.0,3672.0,12145.0,35170.0,11647.0,193.0,278.0,12118.0,0.7437404838436813,0.6242903225806452,0.9500646830530401,0.9776221524591484,5880.0,129.0,73.0,6082.0,465.0,6547.0,3249.0,91.0,2026-05-01
R0B,NHS England North East And Yorkshire,South Tyneside And Sunderland NHS Foundation Trust,12186.0,1427.0,7652.0,21265.0,7858.0,1396.0,7345.0,16599.0,4328.0,31.0,307.0,4666.0,0.7805784152363038,0.6448383390776301,0.9782761037140855,0.9598797699947726,4840.0,31.0,0.0,4871.0,1248.0,6119.0,170.0,0.0,2026-05-01
R0D,NHS England South West,University Hospitals Dorset NHS Foundation Trust,15936.0,0.0,4982.0,20918.0,9708.0,0.0,4982.0,14690.0,6228.0,0.0,0.0,6228.0,0.7022659910125251,0.6091867469879518,,1.0,4272.0,4.0,0.0,4276.0,2337.0,6613.0,1519.0,410.0,2026-05-01
R1D,NHS England Midlands,Shropshire Community Health NHS Trust,0.0,0.0,3573.0,3573.0,0.0,0.0,3568.0,3568.0,0.0,0.0,5.0,5.0,0.9986006157290792,,,0.9986006157290792,0.0,0.0,0.0,0.0,0.0,0.0,0.0,0.0,2026-05-01
R1F,NHS England South East,Isle Of Wight NHS Trust,4444.0,215.0,1705.0,6364.0,3013.0,215.0,1643.0,4871.0,1431.0,0.0,62.0,1493.0,0.7653991200502829,0.677992799279928,1.0,0.9636363636363636,1428.0,0.0,0.0,1428.0,113.0,1541.0,445.0,168.0,2026-05-01
R1H,NHS England London,Barts Health NHS Trust,26667.0,880.0,19721.0,47268.0,16203.0,875.0,18047.0,35125.0,10464.0,5.0,1674.0,12143.0,0.7431031564694931,0.6076049049386882,0.9943181818181818,0.9151158663353786,4328.0,0.0,48.0,4376.0,1199.0,5575.0,2151.0,1157.0,2026-05-01
R1K,NHS England London,London North West University Healthcare NHS Trust,14429.0,0.0,17346.0,31775.0,7522.0,0.0,17037.0,24559.0,6907.0,0.0,309.0,7216.0,0.7729032258064517,0.5213112481807471,,0.9821860947768938,6734.0,0.0,0.0,6734.0,191.0,6925.0,1175.0,553.0,2026-05-01
RA2,NHS England South East,Royal Surrey NHS Foundation Trust,8042.0,0.0,2389.0,10431.0,5312.0,0.0,2389.0,7701.0,2730.0,0.0,0.0,2730.0,0.7382801265458728,0.6605322059189256,,1.0,2562.0,0.0,0.0,2562.0,1032.0,3594.0,481.0,24.0,2026-05-01
RA7,NHS England South West,University Hospitals Bristol And Weston NHS Foundation Trust,16484.0,2607.0,0.0,19091.0,11065.0,2398.0,0.0,13463.0,5419.0,209.0,0.0,5628.0,0.705201403802839,0.6712569764620238,0.919831223628692,,5000.0,18.0,0.0,5018.0,1518.0,6536.0,1246.0,286.0,2026-05-01
RA9,NHS England South West,Torbay And South Devon NHS Foundation Trust,7154.0,0.0,3993.0,11147.0,3316.0,0.0,3901.0,7217.0,3838.0,0.0,92.0,3930.0,0.6474387727639723,0.463516913614761,,0.9769596794390183,1635.0,0.0,15.0,1650.0,450.0,2100.0,455.0,138.0,2026-05-01
RAE,NHS England North East And Yorkshire,Bradford Teaching Hospitals NHS Foundation Trust,9325.0,1072.0,3875.0,14272.0,6824.0,1072.0,3870.0,11766.0,2501.0,0.0,5.0,2506.0,0.8244114349775785,0.7317962466487936,1.0,0.9987096774193548,2663.0,0.0,11.0,2674.0,1249.0,3923.0,837.0,147.0,2026-05-01
RAJ,NHS England East Of England,Mid And South Essex NHS Foundation Trust,27885.0,0.0,8061.0,35946.0,18634.0,0.0,7920.0,26554.0,9251.0,0.0,141.0,9392.0,0.7387191898959551,0.6682445759368836,,0.9825083736509118,8897.0,0.0,156.0,9053.0,1166.0,10219.0,2644.0,867.0,2026-05-01
RAL,NHS England London,Royal Free London NHS Foundation Trust,26795.0,461.0,17939.0,45195.0,18755.0,459.0,17081.0,36295.0,8040.0,2.0,858.0,8900.0,0.8030755614559133,0.6999440194066057,0.9956616052060737,0.9521712470037349,6471.0,0.0,121.0,6592.0,797.0,7389.0,2788.0,1862.0,2026-05-01
RAN,NHS England London,Royal National Orthopaedic Hospital NHS Trust,0.0,0.0,0.0,0.0,0.0,0.0,0.0,0.0,0.0,0.0,0.0,0.0,,,,,0.0,0.0,0.0,0.0,8.0,8.0,0.0,0.0,2026-05-01
RAS,NHS England London,The Hillingdon Hospitals NHS Foundation Trust,5812.0,0.0,7222.0,13034.0,3321.0,0.0,7159.0,10480.0,2491.0,0.0,63.0,2554.0,0.8040509436857449,0.571403991741225,,0.9912766546662974,1834.0,0.0,0.0,1834.0,65.0,1899.0,497.0,9.0,2026-05-01
RAT,NHS England London,North East London NHS Foundation Trust,0.0,0.0,1740.0,1740.0,0.0,0.0,1711.0,1711.0,0.0,0.0,29.0,29.0,0.9833333333333333,,,0.9833333333333333,0.0,0.0,0.0,0.0,0.0,0.0,0.0,0.0,2026-05-01
RAX,NHS England London,Kingston And Richmond NHS Foundation Trust,7296.0,0.0,8580.0,15876.0,3725.0,0.0,8383.0,12108.0,3571.0,0.0,197.0,3768.0,0.762660619803477,0.5105537280701754,,0.977039627039627,2992.0,0.0,195.0,3187.0,715.0,3902.0,655.0,320.0,2026-05-01
RBD,NHS England South West,Dorset County Hospital NHS Foundation Trust,5489.0,0.0,4714.0,10203.0,2877.0,0.0,4714.0,7591.0,2612.0,0.0,0.0,2612.0,0.7439968636675488,0.5241391874658408,,1.0,1952.0,0.0,0.0,1952.0,506.0,2458.0,356.0,85.0,2026-05-01
RBK,NHS England Midlands,Walsall Healthcare NHS Trust,9873.0,0.0,4740.0,14613.0,7179.0,0.0,4530.0,11709.0,2694.0,0.0,210.0,2904.0,0.8012728392527202,0.7271346095411729,,0.9556962025316456,4384.0,0.0,0.0,4384.0,823.0,5207.0,1143.0,188.0,2026-05-01
RBL,NHS England North West,Wirral University Teaching Hospital NHS Foundation Trust,8227.0,0.0,2977.0,11204.0,3956.0,0.0,2918.0,6874.0,4271.0,0.0,59.0,4330.0,0.6135308818279186,0.4808557189741096,,0.98018139066174,2181.0,0.0,0.0,2181.0,1728.0,3909.0,1295.0,858.0,2026-05-01
RBN,NHS England North West,Mersey And West Lancashire Teaching Hospitals NHS Trust,18185.0,0.0,7563.0,25748.0,11314.0,0.0,7479.0,18793.0,6871.0,0.0,84.0,6955.0,0.7298819325772875,0.6221611218036843,,0.9888932963109877,8065.0,0.0,0.0,8065.0,938.0,9003.0,993.0,493.0,2026-05-01
RBQ,NHS England North West,Liverpool Heart And Chest Hospital NHS Foundation Trust,0.0,0.0,0.0,0.0,0.0,0.0,0.0,0.0,0.0,0.0,0.0,0.0,,,,,0.0,0.0,0.0,0.0,137.0,137.0,0.0,0.0,2026-05-01
RBS,NHS England North West,Alder Hey Children's NHS Foundation Trust,6425.0,0.0,0.0,6425.0,5377.0,0.0,0.0,5377.0,1048.0,0.0,0.0,1048.0,0.8368871595330739,0.8368871595330739,,,901.0,0.0,0.0,901.0,273.0,1174.0,1.0,0.0,2026-05-01
RBT,NHS England North West,Mid Cheshire Hospitals NHS Foundation Trust,7409.0,0.0,3241.0,10650.0,3450.0,0.0,3223.0,6673.0,3959.0,0.0,18.0,3977.0,0.6265727699530517,0.46564988527466594,,0.9944461585930269,2541.0,0.0,0.0,2541.0,708.0,3249.0,971.0,539.0,2026-05-01
RBV,NHS England North West,The Christie NHS Foundation Trust,0.0,0.0,0.0,0.0,0.0,0.0,0.0,0.0,0.0,0.0,0.0,0.0,,,,,0.0,0.0,0.0,0.0,840.0,840.0,0.0,0.0,2026-05-01
RC9,NHS England East Of England,Bedfordshire Hospitals NHS Foundation Trust,18436.0,0.0,9068.0,27504.0,11838.0,0.0,9068.0,20906.0,6598.0,0.0,0.0,6598.0,0.7601076207097149,0.6421132566717292,,1.0,5237.0,0.0,0.0,5237.0,2152.0,7389.0,123.0,43.0,2026-05-01
RCB,NHS England North East And Yorkshire,York And Scarborough Teaching Hospitals NHS Foundation Trust,12406.0,183.0,6795.0,19384.0,6331.0,175.0,6437.0,12943.0,6075.0,8.0,358.0,6441.0,0.6677156417664053,0.5103175882637434,0.9562841530054644,0.9473142016188374,4247.0,0.0,0.0,4247.0,1132.0,5379.0,481.0,293.0,2026-05-01
RCD,NHS England North East And Yorkshire,Harrogate And District NHS Foundation Trust,5373.0,0.0,1718.0,7091.0,3301.0,0.0,1706.0,5007.0,2072.0,0.0,12.0,2084.0,0.706106331970103,0.6143681369812023,,0.9930151338766007,1283.0,0.0,0.0,1283.0,253.0,1536.0,192.0,14.0,2026-05-01
RCF,NHS England North East And Yorkshire,Airedale NHS Foundation Trust,6776.0,172.0,0.0,6948.0,3915.0,172.0,0.0,4087.0,2861.0,0.0,0.0,2861.0,0.5882268278641336,0.5777744982290437,1.0,,1438.0,0.0,0.0,1438.0,432.0,1870.0,674.0,287.0,2026-05-01
RCU,NHS England North East And Yorkshire,Sheffield Children's NHS Foundation Trust,4960.0,0.0,296.0,5256.0,4667.0,0.0,296.0,4963.0,293.0,0.0,0.0,293.0,0.9442541856925418,0.9409274193548387,,1.0,964.0,0.0,0.0,964.0,90.0,1054.0,6.0,0.0,2026-05-01
RCX,NHS England East Of England,"The Queen Elizabeth Hospital, King's Lynn, NHS Foundation Trust",7164.0,0.0,1418.0,8582.0,4095.0,0.0,1418.0,5513.0,3069.0,0.0,0.0,3069.0,0.6423910510370543,0.571608040201005,,1.0,1889.0,0.0,0.0,1889.0,361.0,2250.0,817.0,174.0,2026-05-01
RD1,NHS England South West,Royal United Hospitals Bath NHS Foundation Trust,9451.0,0.0,0.0,9451.0,5345.0,0.0,0.0,5345.0,4106.0,0.0,0.0,4106.0,0.5655486191937361,0.5655486191937361,,,2872.0,0.0,0.0,2872.0,1760.0,4632.0,1128.0,153.0,2026-05-01
RD8,NHS England East Of England,Milton Keynes University Hospital NHS Foundation Trust,9332.0,0.0,5629.0,14961.0,5097.0,0.0,5548.0,10645.0,4235.0,0.0,81.0,4316.0,0.7115166098522826,0.5461851693099015,,0.9856102327233967,2251.0,0.0,0.0,2251.0,461.0,2712.0,810.0,0.0,2026-05-01
RDE,NHS England East Of England,East Suffolk And North Essex NHS Foundation Trust,11914.0,0.0,14125.0,26039.0,7187.0,0.0,13086.0,20273.0,4727.0,0.0,1039.0,5766.0,0.778562924843504,0.6032398858485815,,0.9264424778761062,5112.0,0.0,2.0,5114.0,236.0,5350.0,1236.0,511.0,2026-05-01
RDR,NHS England South East,Sussex Community NHS Foundation Trust,0.0,0.0,12486.0,12486.0,0.0,0.0,12159.0,12159.0,0.0,0.0,327.0,327.0,0.9738106679481019,,,0.9738106679481019,0.0,0.0,0.0,0.0,0.0,0.0,0.0,0.0,2026-05-01
RDU,NHS England South East,Frimley Health NHS Foundation Trust,24282.0,866.0,11819.0,36967.0,15200.0,862.0,11706.0,27768.0,9082.0,4.0,113.0,9199.0,0.7511564368220305,0.6259780907668232,0.9953810623556582,0.9904391234452999,6597.0,0.0,0.0,6597.0,167.0,6764.0,1904.0,756.0,2026-05-01
RDY,NHS England South West,Dorset Healthcare University NHS Foundation Trust,0.0,0.0,0.0,0.0,0.0,0.0,0.0,0.0,0.0,0.0,0.0,0.0,,,,,0.0,0.0,3.0,3.0,3.0,6.0,0.0,0.0,2026-05-01
REF,NHS England South West,Royal Cornwall Hospitals NHS Trust,7291.0,0.0,13732.0,21023.0,3092.0,0.0,12821.0,15913.0,4199.0,0.0,911.0,5110.0,0.7569328830328688,0.42408448772459195,,0.933658607631809,2413.0,0.0,53.0,2466.0,1562.0,4028.0,1166.0,653.0,2026-05-01
REM,NHS England North West,Liverpool University Hospitals NHS Foundation Trust,17413.0,1931.0,8773.0,28117.0,9103.0,1931.0,8468.0,19502.0,8310.0,0.0,305.0,8615.0,0.6936017356047942,0.5227703439958652,1.0,0.9652342414225464,5241.0,0.0,0.0,5241.0,2175.0,7416.0,2119.0,1273.0,2026-05-01
REP,NHS England North West,Liverpool Women's NHS Foundation Trust,0.0,1559.0,0.0,1559.0,0.0,1419.0,0.0,1419.0,0.0,140.0,0.0,140.0,0.9101988454137268,,0.9101988454137268,,0.0,112.0,0.0,112.0,10.0,122.0,0.0,0.0,2026-05-01
RET,NHS England North West,The Walton Centre NHS Foundation Trust,0.0,0.0,0.0,0.0,0.0,0.0,0.0,0.0,0.0,0.0,0.0,0.0,,,,,0.0,0.0,0.0,0.0,176.0,176.0,0.0,0.0,2026-05-01
RF4,NHS England London,"Barking, Havering And Redbridge University Hospitals NHS Trust",14107.0,2378.0,15849.0,32334.0,8322.0,2083.0,15728.0,26133.0,5785.0,295.0,121.0,6201.0,0.8082204490629059,0.5899198979230169,0.875946173254836,0.9923654489242223,3775.0,0.0,0.0,3775.0,2200.0,5975.0,1152.0,617.0,2026-05-01
RFF,NHS England North East And Yorkshire,Barnsley Hospital NHS Foundation Trust,9749.0,0.0,0.0,9749.0,7481.0,0.0,0.0,7481.0,2268.0,0.0,0.0,2268.0,0.7673607549492255,0.7673607549492255,,,3344.0,0.0,0.0,3344.0,463.0,3807.0,483.0,27.0,2026-05-01
RFR,NHS England North East And Yorkshire,The Rotherham NHS Foundation Trust,9881.0,0.0,0.0,9881.0,6996.0,0.0,0.0,6996.0,2885.0,0.0,0.0,2885.0,0.7080255034915495,0.7080255034915495,,,2006.0,0.0,0.0,2006.0,512.0,2518.0,600.0,1.0,2026-05-01
RFS,NHS England Midlands,Chesterfield Royal Hospital NHS Foundation Trust,6804.0,0.0,5729.0,12533.0,3323.0,0.0,5677.0,9000.0,3481.0,0.0,52.0,3533.0,0.7181042048990665,0.48838918283362726,,0.9909233723162856,2196.0,0.0,14.0,2210.0,149.0,2359.0,906.0,200.0,2026-05-01
RGN,NHS England East Of England,North West Anglia NHS Foundation Trust,16079.0,0.0,5340.0,21419.0,9735.0,0.0,5151.0,14886.0,6344.0,0.0,189.0,6533.0,0.6949904290583128,0.6054481000062193,,0.9646067415730337,3787.0,0.0,42.0,3829.0,1468.0,5297.0,1335.0,848.0,2026-05-01
RGP,NHS England East Of England,James Paget University Hospitals NHS Foundation Trust,8220.0,0.0,1654.0,9874.0,5407.0,0.0,1654.0,7061.0,2813.0,0.0,0.0,2813.0,0.7151103909256633,0.6577858880778589,,1.0,1696.0,0.0,0.0,1696.0,520.0,2216.0,849.0,281.0,2026-05-01
RGR,NHS England East Of England,West Suffolk NHS Foundation Trust,8328.0,0.0,1015.0,9343.0,5980.0,0.0,1015.0,6995.0,2348.0,0.0,0.0,2348.0,0.7486888579685326,0.718059558117195,,1.0,1797.0,0.0,0.0,1797.0,306.0,2103.0,791.0,325.0,2026-05-01
RGT,NHS England East Of England,Cambridge University Hospitals NHS Foundation Trust,12024.0,0.0,5908.0,17932.0,6426.0,0.0,5715.0,12141.0,5598.0,0.0,193.0,5791.0,0.6770577738121794,0.5344311377245509,,0.9673324306025728,2749.0,0.0,34.0,2783.0,464.0,3247.0,1019.0,518.0,2026-05-01
RH5,NHS England South West,Somerset NHS Foundation Trust,12516.0,0.0,10348.0,22864.0,6080.0,0.0,10091.0,16171.0,6436.0,0.0,257.0,6693.0,0.7072690692792163,0.4857782038990093,,0.9751642829532277,3315.0,0.0,0.0,3315.0,1685.0,5000.0,600.0,77.0,2026-05-01
RH8,NHS England South West,Royal Devon University Healthcare NHS Foundation Trust,14848.0,0.0,4968.0,19816.0,8609.0,0.0,4958.0,13567.0,6239.0,0.0,10.0,6249.0,0.6846487686717804,0.5798087284482759,,0.9979871175523349,3128.0,0.0,0.0,3128.0,1841.0,4969.0,1098.0,278.0,2026-05-01
RHM,NHS England South East,University Hospital Southampton NHS Foundation Trust,12221.0,1028.0,0.0,13249.0,8123.0,999.0,0.0,9122.0,4098.0,29.0,0.0,4127.0,0.688504792814552,0.6646755584649374,0.9717898832684825,,3914.0,9.0,0.0,3923.0,1600.0,5523.0,373.0,16.0,2026-05-01
RHQ,NHS England North East And Yorkshire,Sheffield Teaching Hospitals NHS Foundation Trust,9591.0,1167.0,8623.0,19381.0,4525.0,1167.0,8247.0,13939.0,5066.0,0.0,376.0,5442.0,0.7192095351117074,0.47179647586278806,1.0,0.9563956859561638,3276.0,0.0,0.0,3276.0,3394.0,6670.0,1123.0,7.0,2026-05-01
RHU,NHS England South East,Portsmouth Hospitals University NHS Trust,13267.0,1027.0,4378.0,18672.0,8467.0,1007.0,4345.0,13819.0,4800.0,20.0,33.0,4853.0,0.740092116538132,0.6382000452249943,0.9805258033106135,0.992462311557789,3185.0,0.0,0.0,3185.0,2508.0,5693.0,1860.0,1211.0,2026-05-01
RHW,NHS England South East,Royal Berkshire NHS Foundation Trust,13319.0,2615.0,3412.0,19346.0,8626.0,2553.0,3412.0,14591.0,4693.0,62.0,0.0,4755.0,0.7542127571591026,0.6476462196861626,0.9762906309751435,1.0,2522.0,0.0,0.0,2522.0,326.0,2848.0,697.0,17.0,2026-05-01
RJ1,NHS England London,Guy's And St Thomas' NHS Foundation Trust,10870.0,0.0,7418.0,18288.0,6731.0,0.0,7247.0,13978.0,4139.0,0.0,171.0,4310.0,0.7643263342082239,0.6192272309107636,,0.9769479644108924,2045.0,0.0,0.0,2045.0,269.0,2314.0,234.0,83.0,2026-05-01
RJ2,NHS England London,Lewisham And Greenwich NHS Trust,17205.0,0.0,18897.0,36102.0,8777.0,0.0,18622.0,27399.0,8428.0,0.0,275.0,8703.0,0.7589330231012132,0.5101424004649812,,0.9854474255172778,4302.0,0.0,0.0,4302.0,582.0,4884.0,1599.0,533.0,2026-05-01
RJ6,NHS England London,Croydon Health Services NHS Trust,13509.0,0.0,5147.0,18656.0,8394.0,0.0,5147.0,13541.0,5115.0,0.0,0.0,5115.0,0.7258254716981132,0.6213635354208306,,1.0,1057.0,0.0,0.0,1057.0,139.0,1196.0,903.0,676.0,2026-05-01
RJ7,NHS England London,St George's University Hospitals NHS Foundation Trust,9592.0,0.0,3993.0,13585.0,7035.0,0.0,3839.0,10874.0,2557.0,0.0,154.0,2711.0,0.8004416635995584,0.7334236864053377,,0.9614325068870524,1985.0,0.0,0.0,1985.0,658.0,2643.0,937.0,575.0,2026-05-01
RJ8,NHS England South West,Cornwall Partnership NHS Foundation Trust,0.0,0.0,0.0,0.0,0.0,0.0,0.0,0.0,0.0,0.0,0.0,0.0,,,,,0.0,0.0,13.0,13.0,67.0,80.0,0.0,0.0,2026-05-01
RJC,NHS England Midlands,South Warwickshire University NHS Foundation Trust,8876.0,0.0,411.0,9287.0,6398.0,0.0,411.0,6809.0,2478.0,0.0,0.0,2478.0,0.7331754064821794,0.7208201892744479,,1.0,1796.0,0.0,0.0,1796.0,513.0,2309.0,575.0,127.0,2026-05-01
RJE,NHS England Midlands,University Hospitals Of North Midlands NHS Trust,16310.0,488.0,9253.0,26051.0,8088.0,488.0,9112.0,17688.0,8222.0,0.0,141.0,8363.0,0.6789758550535488,0.4958920907418761,1.0,0.9847616989084621,4703.0,0.0,0.0,4703.0,1114.0,5817.0,1846.0,821.0,2026-05-01
RJL,NHS England North East And Yorkshire,Northern Lincolnshire And Goole NHS Foundation Trust,10806.0,0.0,7118.0,17924.0,5338.0,0.0,7044.0,12382.0,5468.0,0.0,74.0,5542.0,0.6908056237446999,0.49398482324634463,,0.9896038212981174,5487.0,0.0,0.0,5487.0,490.0,5977.0,1551.0,787.0,2026-05-01
RJN,NHS England North West,East Cheshire NHS Trust,4814.0,0.0,63.0,4877.0,2343.0,0.0,63.0,2406.0,2471.0,0.0,0.0,2471.0,0.4933360672544597,0.48670544245949315,,1.0,865.0,0.0,0.0,865.0,192.0,1057.0,595.0,328.0,2026-05-01
RJR,NHS England North West,Countess Of Chester Hospital NHS Foundation Trust,5637.0,0.0,2669.0,8306.0,2979.0,0.0,2446.0,5425.0,2658.0,0.0,223.0,2881.0,0.6531423067661931,0.5284725918041512,,0.9164481079055826,1925.0,0.0,0.0,1925.0,1074.0,2999.0,1107.0,569.0,2026-05-01
RJZ,NHS England London,King's College Hospital NHS Foundation Trust,15782.0,0.0,11067.0,26849.0,8737.0,0.0,10431.0,19168.0,7045.0,0.0,636.0,7681.0,0.7139185816976423,0.553605373209986,,0.9425318514502575,3488.0,0.0,0.0,3488.0,321.0,3809.0,2378.0,867.0,2026-05-01
RK5,NHS England Midlands,Sherwood Forest Hospitals NHS Foundation Trust,11630.0,0.0,5750.0,17380.0,6164.0,0.0,4984.0,11148.0,5466.0,0.0,766.0,6232.0,0.6414269275028769,0.5300085984522785,,0.8667826086956522,3579.0,0.0,0.0,3579.0,249.0,3828.0,1685.0,225.0,2026-05-01
RK9,NHS England South West,University Hospitals Plymouth NHS Trust,8950.0,122.0,8444.0,17516.0,3231.0,116.0,8374.0,11721.0,5719.0,6.0,70.0,5795.0,0.6691596254852706,0.3610055865921788,0.9508196721311475,0.9917100900047371,3298.0,0.0,0.0,3298.0,1645.0,4943.0,1119.0,396.0,2026-05-01
RKB,NHS England Midlands,University Hospitals Coventry And Warwickshire NHS Trust,13511.0,2426.0,6389.0,22326.0,8069.0,2357.0,6245.0,16671.0,5442.0,69.0,144.0,5655.0,0.7467078742273583,0.5972170823773222,0.971558120362737,0.9774612615432775,820.0,38.0,45.0,903.0,323.0,1226.0,68.0,8.0,2026-05-01
RKE,NHS England London,Whittington Health NHS Trust,9685.0,0.0,0.0,9685.0,7054.0,0.0,0.0,7054.0,2631.0,0.0,0.0,2631.0,0.7283427981414559,0.7283427981414559,,,1364.0,0.0,0.0,1364.0,30.0,1394.0,474.0,196.0,2026-05-01
RL1,NHS England Midlands,The Robert Jones And Agnes Hunt Orthopaedic Hospital NHS Foundation Trust,0.0,0.0,0.0,0.0,0.0,0.0,0.0,0.0,0.0,0.0,0.0,0.0,,,,,0.0,0.0,0.0,0.0,39.0,39.0,0.0,0.0,2026-05-01
RL4,NHS England Midlands,The Royal Wolverhampton NHS Trust,11575.0,1618.0,8067.0,21260.0,7556.0,1613.0,7848.0,17017.0,4019.0,5.0,219.0,4243.0,0.8004233301975541,0.6527861771058315,0.9969097651421508,0.9728523614726664,5712.0,0.0,66.0,5778.0,1308.0,7086.0,1426.0,664.0,2026-05-01
RLQ,NHS England Midlands,Wye Valley NHS Trust,6375.0,816.0,176.0,7367.0,3654.0,816.0,176.0,4646.0,2721.0,0.0,0.0,2721.0,0.6306501968236732,0.5731764705882353,1.0,1.0,1440.0,0.0,0.0,1440.0,148.0,1588.0,643.0,174.0,2026-05-01
RLT,NHS England Midlands,George Eliot Hospital NHS Trust,7575.0,0.0,1782.0,9357.0,6553.0,0.0,1781.0,8334.0,1022.0,0.0,1.0,1023.0,0.8906700865662072,0.8650825082508251,,0.999438832772166,1254.0,0.0,0.0,1254.0,0.0,1254.0,471.0,103.0,2026-05-01
RM1,NHS England East Of England,Norfolk And Norwich University Hospitals NHS Foundation Trust,13719.0,0.0,8166.0,21885.0,9665.0,0.0,8164.0,17829.0,4054.0,0.0,2.0,4056.0,0.8146675805346127,0.7044974123478388,,0.9997550820475141,2429.0,0.0,0.0,2429.0,1580.0,4009.0,1003.0,270.0,2026-05-01
RM3,NHS England North West,Northern Care Alliance NHS Foundation Trust,27206.0,0.0,9569.0,36775.0,17818.0,0.0,9226.0,27044.0,9388.0,0.0,343.0,9731.0,0.7353908905506458,0.6549290597662281,,0.964155084125823,7645.0,0.0,256.0,7901.0,2502.0,10403.0,2095.0,1251.0,2026-05-01
RMC,NHS England North West,Bolton NHS Foundation Trust,8757.0,0.0,3971.0,12728.0,4947.0,0.0,3802.0,8749.0,3810.0,0.0,169.0,3979.0,0.6873821495914519,0.5649194929770469,,0.9574414505162427,2504.0,0.0,134.0,2638.0,908.0,3546.0,1021.0,516.0,2026-05-01
RMP,NHS England North West,Tameside And Glossop Integrated Care NHS Foundation Trust,9388.0,0.0,2457.0,11845.0,4982.0,0.0,2406.0,7388.0,4406.0,0.0,51.0,4457.0,0.623723089911355,0.5306774605879847,,0.9792429792429792,1670.0,0.0,0.0,1670.0,261.0,1931.0,999.0,580.0,2026-05-01
RN3,NHS England South West,Great Western Hospitals NHS Foundation Trust,7828.0,0.0,4399.0,12227.0,4265.0,0.0,3830.0,8095.0,3563.0,0.0,569.0,4132.0,0.6620593767890733,0.5448390393459377,,0.8706524210047738,2708.0,0.0,0.0,2708.0,1182.0,3890.0,1150.0,443.0,2026-05-01
RN5,NHS England South East,Hampshire Hospitals NHS Foundation Trust,10007.0,54.0,4975.0,15036.0,4607.0,54.0,4673.0,9334.0,5400.0,0.0,302.0,5702.0,0.6207768023410482,0.46037773558509043,1.0,0.9392964824120603,3597.0,11.0,35.0,3643.0,942.0,4585.0,367.0,33.0,2026-05-01
RN7,NHS England South East,Dartford And Gravesham NHS Trust,11706.0,0.0,3962.0,15668.0,8908.0,0.0,3956.0,12864.0,2798.0,0.0,6.0,2804.0,0.8210365075312739,0.7609772766102854,,0.9984856133266027,3829.0,0.0,0.0,3829.0,293.0,4122.0,899.0,409.0,2026-05-01
RNA,NHS England Midlands,The Dudley Group NHS Foundation Trust,10412.0,0.0,4591.0,15003.0,7655.0,0.0,4469.0,12124.0,2757.0,0.0,122.0,2879.0,0.8081050456575352,0.7352093737994622,,0.9734262687867566,3338.0,0.0,0.0,3338.0,2446.0,5784.0,963.0,327.0,2026-05-01
RNN,NHS England North East And Yorkshire,North Cumbria Integrated Care NHS Foundation Trust,9477.0,0.0,2263.0,11740.0,5462.0,0.0,2186.0,7648.0,4015.0,0.0,77.0,4092.0,0.6514480408858603,0.5763427244908726,,0.965974370304905,2212.0,0.0,0.0,2212.0,387.0,2599.0,993.0,355.0,2026-05-01
RNQ,NHS England Midlands,Kettering General Hospital NHS Foundation Trust,10941.0,0.0,8963.0,19904.0,7043.0,0.0,8948.0,15991.0,3898.0,0.0,15.0,3913.0,0.8034063504823151,0.6437254364317704,,0.9983264531964744,1894.0,0.0,0.0,1894.0,274.0,2168.0,1205.0,773.0,2026-05-01
RNS,NHS England Midlands,Northampton General Hospital NHS Trust,11247.0,672.0,2087.0,14006.0,7556.0,637.0,2086.0,10279.0,3691.0,35.0,1.0,3727.0,0.7338997572468942,0.6718235974037521,0.9479166666666666,0.9995208433157643,2341.0,0.0,0.0,2341.0,445.0,2786.0,1283.0,833.0,2026-05-01
RNU,NHS England South East,Oxford Health NHS Foundation Trust,0.0,0.0,4709.0,4709.0,0.0,0.0,4260.0,4260.0,0.0,0.0,449.0,449.0,0.9046506689318327,,,0.9046506689318327,0.0,0.0,0.0,0.0,0.0,0.0,0.0,0.0,2026-05-01
RNZ,NHS England South West,Salisbury NHS Foundation Trust,4898.0,315.0,2353.0,7566.0,2855.0,315.0,2353.0,5523.0,2043.0,0.0,0.0,2043.0,0.7299762093576526,0.5828909759085341,1.0,1.0,1282.0,0.0,0.0,1282.0,946.0,2228.0,592.0,213.0,2026-05-01
RP5,NHS England North East And Yorkshire,Doncaster And Bassetlaw Teaching Hospitals NHS Foundation Trust,14560.0,0.0,4293.0,18853.0,9122.0,0.0,4285.0,13407.0,5438.0,0.0,8.0,5446.0,0.7111335066037235,0.626510989010989,,0.9981365012811554,3752.0,0.0,498.0,4250.0,926.0,5176.0,1459.0,177.0,2026-05-01
RP6,NHS England London,Moorfields Eye Hospital NHS Foundation Trust,0.0,6494.0,0.0,6494.0,0.0,6233.0,0.0,6233.0,0.0,261.0,0.0,261.0,0.959809054511857,,0.959809054511857,,0.0,1.0,0.0,1.0,245.0,246.0,0.0,0.0,2026-05-01
RPA,NHS England South East,Medway NHS Foundation Trust,9956.0,0.0,7192.0,17148.0,6780.0,0.0,6433.0,13213.0,3176.0,0.0,759.0,3935.0,0.7705271751807791,0.680996384089996,,0.8944660734149055,1716.0,0.0,0.0,1716.0,487.0,2203.0,1134.0,845.0,2026-05-01
RPC,NHS England South East,Queen Victoria Hospital NHS Foundation Trust,0.0,0.0,1440.0,1440.0,0.0,0.0,1425.0,1425.0,0.0,0.0,15.0,15.0,0.9895833333333334,,,0.9895833333333334,0.0,0.0,10.0,10.0,597.0,607.0,0.0,0.0,2026-05-01
RQ3,NHS England Midlands,Birmingham Women's And Children's NHS Foundation Trust,5133.0,0.0,1002.0,6135.0,4421.0,0.0,1002.0,5423.0,712.0,0.0,0.0,712.0,0.8839445802770987,0.8612896941359829,,1.0,547.0,0.0,0.0,547.0,219.0,766.0,10.0,0.0,2026-05-01
RQM,NHS England London,Chelsea And Westminster Hospital NHS Foundation Trust,21488.0,0.0,7092.0,28580.0,15461.0,0.0,6706.0,22167.0,6027.0,0.0,386.0,6413.0,0.7756123163051085,0.7195178704393149,,0.9455724760293288,3087.0,0.0,0.0,3087.0,286.0,3373.0,976.0,53.0,2026-05-01
RQW,NHS England East Of England,The Princess Alexandra Hospital NHS Trust,9139.0,0.0,2351.0,11490.0,6919.0,0.0,2351.0,9270.0,2220.0,0.0,0.0,2220.0,0.8067885117493473,0.757085020242915,,1.0,1760.0,0.0,1.0,1761.0,365.0,2126.0,704.0,239.0,2026-05-01
RQX,NHS England London,Homerton Healthcare NHS Foundation Trust,11679.0,0.0,0.0,11679.0,9275.0,0.0,0.0,9275.0,2404.0,0.0,0.0,2404.0,0.7941604589434027,0.7941604589434027,,,1743.0,0.0,0.0,1743.0,276.0,2019.0,233.0,8.0,2026-05-01
RR7,NHS England North East And Yorkshire,Gateshead Health NHS Foundation Trust,5864.0,0.0,4755.0,10619.0,3206.0,0.0,4687.0,7893.0,2658.0,0.0,68.0,2726.0,0.7432903286561823,0.5467257844474761,,0.9856992639327025,1827.0,0.0,0.0,1827.0,41.0,1868.0,903.0,3.0,2026-05-01
RR8,NHS England North East And Yorkshire,Leeds Teaching Hospitals NHS Trust,19182.0,721.0,11404.0,31307.0,11927.0,721.0,11259.0,23907.0,7255.0,0.0,145.0,7400.0,0.763631136806465,0.6217808362006048,1.0,0.9872851631006664,3795.0,0.0,0.0,3795.0,1107.0,4902.0,2110.0,430.0,2026-05-01
RRF,NHS England North West,"Wrightington, Wigan And Leigh Teaching Hospitals NHS Foundation Trust",6642.0,0.0,5994.0,12636.0,3595.0,0.0,5949.0,9544.0,3047.0,0.0,45.0,3092.0,0.7553023108578664,0.5412526347485697,,0.9924924924924925,2538.0,0.0,0.0,2538.0,525.0,3063.0,535.0,179.0,2026-05-01
RRK,NHS England Midlands,University Hospitals Birmingham NHS Foundation Trust,36269.0,429.0,13939.0,50637.0,21715.0,429.0,13716.0,35860.0,14554.0,0.0,223.0,14777.0,0.7081778146414677,0.5987206705450936,1.0,0.9840017217877897,10492.0,0.0,0.0,10492.0,7421.0,17913.0,4258.0,2620.0,2026-05-01
RRV,NHS England London,University College London Hospitals NHS Foundation Trust,14155.0,0.0,0.0,14155.0,11166.0,0.0,0.0,11166.0,2989.0,0.0,0.0,2989.0,0.7888378664782763,0.7888378664782763,,,1512.0,0.0,0.0,1512.0,404.0,1916.0,376.0,77.0,2026-05-01
RTD,NHS England North East And Yorkshire,The Newcastle Upon Tyne Hospitals NHS Foundation Trust,12691.0,1659.0,10417.0,24767.0,7132.0,1551.0,10260.0,18943.0,5559.0,108.0,157.0,5824.0,0.764848386966528,0.5619730517689702,0.9349005424954792,0.9849284822885668,3934.0,20.0,0.0,3954.0,2975.0,6929.0,451.0,11.0,2026-05-01
RTE,NHS England South West,Gloucestershire Hospitals NHS Foundation Trust,14498.0,0.0,0.0,14498.0,9257.0,0.0,0.0,9257.0,5241.0,0.0,0.0,5241.0,0.638501862325838,0.638501862325838,,,2580.0,0.0,0.0,2580.0,3008.0,5588.0,804.0,539.0,2026-05-01
RTF,NHS England North East And Yorkshire,Northumbria Healthcare NHS Foundation Trust,10691.0,0.0,14240.0,24931.0,8449.0,0.0,14240.0,22689.0,2242.0,0.0,0.0,2242.0,0.9100717981629297,0.7902908988869142,,1.0,4475.0,0.0,15.0,4490.0,490.0,4980.0,9.0,0.0,2026-05-01
RTG,NHS England Midlands,University Hospitals Of Derby And Burton NHS Foundation Trust,23104.0,0.0,9839.0,32943.0,13031.0,0.0,9825.0,22856.0,10073.0,0.0,14.0,10087.0,0.6938044501107974,0.5640148891966759,,0.9985770911678016,4141.0,0.0,0.0,4141.0,1767.0,5908.0,1595.0,538.0,2026-05-01
RTH,NHS England South East,Oxford University Hospitals NHS Foundation Trust,14801.0,1458.0,3665.0,19924.0,10658.0,1458.0,3597.0,15713.0,4143.0,0.0,68.0,4211.0,0.7886468580606304,0.7200864806431998,1.0,0.9814461118690314,5371.0,96.0,13.0,5480.0,4223.0,9703.0,438.0,10.0,2026-05-01
RTK,NHS England South East,Ashford And St Peter's Hospitals NHS Foundation Trust,7954.0,0.0,2841.0,10795.0,3805.0,0.0,2760.0,6565.0,4149.0,0.0,81.0,4230.0,0.6081519221861973,0.4783756600452602,,0.9714889123548046,2518.0,0.0,0.0,2518.0,526.0,3044.0,971.0,432.0,2026-05-01
RTP,NHS England South East,Surrey And Sussex Healthcare NHS Trust,10252.0,0.0,0.0,10252.0,6007.0,0.0,0.0,6007.0,4245.0,0.0,0.0,4245.0,0.5859344518142802,0.5859344518142802,,,2954.0,0.0,0.0,2954.0,899.0,3853.0,1121.0,657.0,2026-05-01
RTQ,NHS England South West,Gloucestershire Health And Care NHS Foundation Trust,0.0,0.0,8969.0,8969.0,0.0,0.0,8781.0,8781.0,0.0,0.0,188.0,188.0,0.9790389118073364,,,0.9790389118073364,0.0,0.0,1.0,1.0,33.0,34.0,0.0,0.0,2026-05-01
RTR,NHS England North East And Yorkshire,South Tees Hospitals NHS Foundation Trust,7446.0,0.0,12064.0,19510.0,4034.0,0.0,11679.0,15713.0,3412.0,0.0,385.0,3797.0,0.8053818554587391,0.5417673918882622,,0.9680868700265252,2268.0,0.0,412.0,2680.0,2238.0,4918.0,209.0,10.0,2026-05-01
RTX,NHS England North West,University Hospitals Of Morecambe Bay NHS Foundation Trust,9436.0,0.0,5349.0,14785.0,5487.0,0.0,5243.0,10730.0,3949.0,0.0,106.0,4055.0,0.7257355427798444,0.5814963967782959,,0.9801832118152926,3231.0,0.0,19.0,3250.0,926.0,4176.0,1260.0,599.0,2026-05-01
RV9,NHS England North East And Yorkshire,Humber Teaching NHS Foundation Trust,0.0,0.0,1277.0,1277.0,0.0,0.0,1268.0,1268.0,0.0,0.0,9.0,9.0,0.9929522317932654,,,0.9929522317932654,0.0,0.0,0.0,0.0,0.0,0.0,0.0,0.0,2026-05-01
RVJ,NHS England South West,North Bristol NHS Trust,9890.0,0.0,0.0,9890.0,6311.0,0.0,0.0,6311.0,3579.0,0.0,0.0,3579.0,0.6381193124368049,0.6381193124368049,,,3134.0,0.0,0.0,3134.0,2122.0,5256.0,856.0,301.0,2026-05-01
RVR,NHS England London,Epsom And St Helier University Hospitals NHS Trust,10226.0,0.0,3519.0,13745.0,5804.0,0.0,2594.0,8398.0,4422.0,0.0,925.0,5347.0,0.6109858130229174,0.5675728535106591,,0.7371412333049162,2052.0,0.0,0.0,2052.0,406.0,2458.0,1363.0,818.0,2026-05-01
RVV,NHS England South East,East Kent Hospitals University NHS Foundation Trust,14083.0,0.0,13117.0,27200.0,8041.0,0.0,12696.0,20737.0,6042.0,0.0,421.0,6463.0,0.7623897058823529,0.5709720940140595,,0.9679042463978044,3139.0,0.0,609.0,3748.0,504.0,4252.0,1726.0,981.0,2026-05-01
RVW,NHS England North East And Yorkshire,North Tees And Hartlepool NHS Foundation Trust,5073.0,0.0,11724.0,16797.0,2641.0,0.0,11691.0,14332.0,2432.0,0.0,33.0,2465.0,0.8532476037387628,0.5205992509363296,,0.9971852610030706,1650.0,0.0,442.0,2092.0,2345.0,4437.0,111.0,1.0,2026-05-01
RW1,NHS England South East,Hampshire And Isle Of Wight Healthcare NHS Foundation Trust,0.0,0.0,3081.0,3081.0,0.0,0.0,3010.0,3010.0,0.0,0.0,71.0,71.0,0.9769555339175592,,,0.9769555339175592,0.0,0.0,0.0,0.0,130.0,130.0,0.0,0.0,2026-05-01
RW4,NHS England North West,Mersey Care NHS Foundation Trust,0.0,0.0,14568.0,14568.0,0.0,0.0,14260.0,14260.0,0.0,0.0,308.0,308.0,0.9788577704557935,,,0.9788577704557935,0.0,0.0,0.0,0.0,35.0,35.0,0.0,0.0,2026-05-01
RWA,NHS England North East And Yorkshire,Hull University Teaching Hospitals NHS Trust,10192.0,0.0,4229.0,14421.0,4863.0,0.0,3887.0,8750.0,5329.0,0.0,342.0,5671.0,0.6067540392483184,0.47713893249607536,,0.9191298179238591,3765.0,0.0,0.0,3765.0,2003.0,5768.0,1416.0,459.0,2026-05-01
RWD,NHS England Midlands,United Lincolnshire Teaching Hospitals NHS Trust,18995.0,0.0,4399.0,23394.0,13739.0,0.0,4054.0,17793.0,5256.0,0.0,345.0,5601.0,0.7605796358040523,0.7232956041063437,,0.9215730847919982,4961.0,0.0,0.0,4961.0,962.0,5923.0,1706.0,990.0,2026-05-01
RWE,NHS England Midlands,University Hospitals Of Leicester NHS Trust,23718.0,2056.0,0.0,25774.0,14343.0,1936.0,0.0,16279.0,9375.0,120.0,0.0,9495.0,0.63160549390859,0.6047305843663041,0.9416342412451362,,7004.0,4.0,0.0,7008.0,3529.0,10537.0,2143.0,965.0,2026-05-01
RWF,NHS England South East,Maidstone And Tunbridge Wells NHS Trust,19921.0,0.0,2143.0,22064.0,15680.0,0.0,2111.0,17791.0,4241.0,0.0,32.0,4273.0,0.8063361131254533,0.7871090808694343,,0.9850676621558563,2222.0,0.0,0.0,2222.0,604.0,2826.0,1212.0,287.0,2026-05-01
RWG,NHS England East Of England,West Hertfordshire Teaching Hospitals NHS Trust,8572.0,0.0,8979.0,17551.0,6355.0,0.0,8879.0,15234.0,2217.0,0.0,100.0,2317.0,0.8679847302148026,0.7413672421838544,,0.9888629023276534,4844.0,0.0,0.0,4844.0,586.0,5430.0,777.0,30.0,2026-05-01
RWH,NHS England East Of England,East And North Hertfordshire Teaching NHS Trust,9263.0,0.0,8964.0,18227.0,4646.0,0.0,8861.0,13507.0,4617.0,0.0,103.0,4720.0,0.7410435068853898,0.5015653675914931,,0.9885095939312807,2269.0,0.0,2.0,2271.0,433.0,2704.0,624.0,158.0,2026-05-01
RWJ,NHS England North West,Stockport NHS Foundation Trust,8681.0,0.0,2400.0,11081.0,5140.0,0.0,2349.0,7489.0,3541.0,0.0,51.0,3592.0,0.6758415305477845,0.5920976845985485,,0.97875,2638.0,0.0,56.0,2694.0,942.0,3636.0,800.0,180.0,2026-05-01
RWP,NHS England Midlands,Worcestershire Acute Hospitals NHS Trust,14882.0,0.0,6467.0,21349.0,8942.0,0.0,6399.0,15341.0,5940.0,0.0,68.0,6008.0,0.718581666588599,0.6008600994489988,,0.9894850780887583,3257.0,0.0,0.0,3257.0,900.0,4157.0,1717.0,915.0,2026-05-01
RWW,NHS England North West,North Cheshire And Mersey NHS Foundation Trust,7314.0,0.0,6572.0,13886.0,3965.0,0.0,6480.0,10445.0,3349.0,0.0,92.0,3441.0,0.7521964568630275,0.5421110199617173,,0.9860012172854534,1854.0,0.0,0.0,1854.0,145.0,1999.0,1393.0,770.0,2026-05-01
RWX,NHS England South East,Berkshire Healthcare NHS Foundation Trust,0.0,0.0,1509.0,1509.0,0.0,0.0,1486.0,1486.0,0.0,0.0,23.0,23.0,0.9847581179589132,,,0.9847581179589132,0.0,0.0,37.0,37.0,0.0,37.0,0.0,0.0,2026-05-01
RWY,NHS England North East And Yorkshire,Calderdale And Huddersfield NHS Foundation Trust,16449.0,0.0,0.0,16449.0,13728.0,0.0,0.0,13728.0,2721.0,0.0,0.0,2721.0,0.8345796097027175,0.8345796097027175,,,3023.0,0.0,0.0,3023.0,187.0,3210.0,1017.0,28.0,2026-05-01
RX1,NHS England Midlands,Nottingham University Hospitals NHS Trust,13270.0,1955.0,10467.0,25692.0,5707.0,1787.0,9545.0,17039.0,7563.0,168.0,922.0,8653.0,0.6632025533239919,0.43006782215523737,0.9140664961636829,0.9119136333237795,3636.0,0.0,1069.0,4705.0,3978.0,8683.0,1300.0,1142.0,2026-05-01
RXC,NHS England South East,East Sussex Healthcare NHS Trust,11707.0,0.0,4231.0,15938.0,7464.0,0.0,4162.0,11626.0,4243.0,0.0,69.0,4312.0,0.7294516250470573,0.6375672674468267,,0.9836917986291657,2558.0,0.0,0.0,2558.0,482.0,3040.0,471.0,183.0,2026-05-01
RXF,NHS England North East And Yorkshire,Mid Yorkshire Teaching NHS Trust,17134.0,125.0,7002.0,24261.0,10768.0,125.0,6783.0,17676.0,6366.0,0.0,219.0,6585.0,0.728576728082107,0.6284580366522703,1.0,0.9687232219365896,3404.0,0.0,178.0,3582.0,779.0,4361.0,2619.0,576.0,2026-05-01
RXG,NHS England North East And Yorkshire,South West Yorkshire Partnership NHS Foundation Trust,0.0,0.0,0.0,0.0,0.0,0.0,0.0,0.0,0.0,0.0,0.0,0.0,,,,,0.0,0.0,0.0,0.0,132.0,132.0,0.0,0.0,2026-05-01
RXK,NHS England Midlands,Sandwell And West Birmingham Hospitals NHS Trust,12139.0,1086.0,8725.0,21950.0,7167.0,950.0,8640.0,16757.0,4972.0,136.0,85.0,5193.0,0.7634168564920273,0.5904110717522036,0.8747697974217311,0.9902578796561604,2735.0,0.0,29.0,2764.0,78.0,2842.0,1094.0,269.0,2026-05-01
RXL,NHS England North West,Blackpool Teaching Hospitals NHS Foundation Trust,8966.0,0.0,10966.0,19932.0,5161.0,0.0,10681.0,15842.0,3805.0,0.0,285.0,4090.0,0.7948023279149107,0.575619005130493,,0.9740105781506475,1865.0,0.0,0.0,1865.0,2270.0,4135.0,913.0,313.0,2026-05-01
RXN,NHS England North West,Lancashire Teaching Hospitals NHS Foundation Trust,13056.0,0.0,3514.0,16570.0,8298.0,0.0,3376.0,11674.0,4758.0,0.0,138.0,4896.0,0.7045262522631262,0.6355698529411765,,0.960728514513375,3134.0,0.0,92.0,3226.0,1115.0,4341.0,1573.0,403.0,2026-05-01
RXP,NHS England North East And Yorkshire,County Durham And Darlington NHS Foundation Trust,13106.0,0.0,12052.0,25158.0,7907.0,0.0,12052.0,19959.0,5199.0,0.0,0.0,5199.0,0.7933460529453852,0.6033114603998169,,1.0,4473.0,0.0,0.0,4473.0,826.0,5299.0,1712.0,18.0,2026-05-01
RXQ,NHS England South East,Buckinghamshire Healthcare NHS Trust,9955.0,1219.0,3210.0,14384.0,5918.0,1219.0,3139.0,10276.0,4037.0,0.0,71.0,4108.0,0.71440489432703,0.594475138121547,1.0,0.9778816199376947,3155.0,911.0,0.0,4066.0,1219.0,5285.0,382.0,137.0,2026-05-01
RXR,NHS England North West,East Lancashire Hospitals NHS Trust,14439.0,0.0,11946.0,26385.0,9740.0,0.0,11339.0,21079.0,4699.0,0.0,607.0,5306.0,0.7989008906575706,0.6745619502735647,,0.9491880127239243,4122.0,0.0,91.0,4213.0,1665.0,5878.0,1398.0,1112.0,2026-05-01
RXW,NHS England Midlands,The Shrewsbury And Telford Hospital NHS Trust,11572.0,0.0,2504.0,14076.0,5190.0,0.0,2268.0,7458.0,6382.0,0.0,236.0,6618.0,0.5298380221653879,0.4484963705496025,,0.9057507987220448,3609.0,0.0,168.0,3777.0,2062.0,5839.0,1772.0,949.0,2026-05-01
RY4,NHS England East Of England,Hertfordshire Community NHS Trust,0.0,0.0,1015.0,1015.0,0.0,0.0,948.0,948.0,0.0,0.0,67.0,67.0,0.9339901477832512,,,0.9339901477832512,0.0,0.0,0.0,0.0,0.0,0.0,0.0,0.0,2026-05-01
RY5,NHS England Midlands,Lincolnshire Community Health Services NHS Trust,0.0,0.0,9261.0,9261.0,0.0,0.0,9158.0,9158.0,0.0,0.0,103.0,103.0,0.9888780909189072,,,0.9888780909189072,0.0,0.0,0.0,0.0,0.0,0.0,0.0,0.0,2026-05-01
RY7,NHS England North West,Wirral Community Health And Care NHS Foundation Trust,0.0,0.0,4005.0,4005.0,0.0,0.0,3823.0,3823.0,0.0,0.0,182.0,182.0,0.9545568039950062,,,0.9545568039950062,0.0,0.0,0.0,0.0,0.0,0.0,0.0,0.0,2026-05-01
RY8,NHS England Midlands,Derbyshire Community Health Services NHS Foundation Trust,0.0,0.0,9244.0,9244.0,0.0,0.0,8924.0,8924.0,0.0,0.0,320.0,320.0,0.9653829511034184,,,0.9653829511034184,0.0,0.0,0.0,0.0,0.0,0.0,0.0,0.0,2026-05-01
RYF,NHS England South West,South Western Ambulance Service NHS Foundation Trust,0.0,0.0,2222.0,2222.0,0.0,0.0,2180.0,2180.0,0.0,0.0,42.0,42.0,0.9810981098109811,,,0.9810981098109811,0.0,0.0,0.0,0.0,0.0,0.0,0.0,0.0,2026-05-01
RYG,NHS England Midlands,Coventry And Warwickshire Partnership NHS Trust,0.0,0.0,0.0,0.0,0.0,0.0,0.0,0.0,0.0,0.0,0.0,0.0,,,,,0.0,0.0,7.0,7.0,31.0,38.0,0.0,0.0,2026-05-01
RYJ,NHS England London,Imperial College Healthcare NHS Trust,12311.0,4110.0,8214.0,24635.0,7466.0,3983.0,7775.0,19224.0,4845.0,127.0,439.0,5411.0,0.7803531560787498,0.6064495166923889,0.9690997566909976,0.946554662770879,3768.0,2.0,0.0,3770.0,1064.0,4834.0,591.0,0.0,2026-05-01
RYR,NHS England South East,University Hospitals Sussex NHS Foundation Trust,30388.0,1544.0,2160.0,34092.0,18631.0,1462.0,1952.0,22045.0,11757.0,82.0,208.0,12047.0,0.6466326410888185,0.6131038567855732,0.9468911917098446,0.9037037037037037,8453.0,31.0,23.0,8507.0,1687.0,10194.0,1554.0,890.0,2026-05-01
RYX,NHS England London,Central London Community Healthcare NHS Trust,0.0,0.0,13901.0,13901.0,0.0,0.0,13565.0,13565.0,0.0,0.0,336.0,336.0,0.9758290770448169,,,0.9758290770448169,0.0,0.0,0.0,0.0,0.0,0.0,0.0,0.0,2026-05-01
RYY,NHS England South East,Kent Community Health NHS Foundation Trust,0.0,0.0,6909.0,6909.0,0.0,0.0,6890.0,6890.0,0.0,0.0,19.0,19.0,0.9972499638153134,,,0.9972499638153134,0.0,0.0,0.0,0.0,0.0,0.0,0.0,0.0,2026-05-01
Y02428,NHS England East Of England,Putnoe Walk In Centre,0.0,0.0,2744.0,2744.0,0.0,0.0,2744.0,2744.0,0.0,0.0,0.0,0.0,1.0,,,1.0,0.0,0.0,0.0,0.0,0.0,0.0,0.0,0.0,2026-05-01
Y02532,NHS England North West,Miriam Minor Emergency,0.0,0.0,1665.0,1665.0,0.0,0.0,1657.0,1657.0,0.0,0.0,8.0,8.0,0.9951951951951952,,,0.9951951951951952,0.0,0.0,0.0,0.0,0.0,0.0,0.0,0.0,2026-05-01
Y02676,NHS England South East,Brighton Station Health Centre,0.0,0.0,1895.0,1895.0,0.0,0.0,1895.0,1895.0,0.0,0.0,0.0,0.0,1.0,,,1.0,0.0,0.0,0.0,0.0,0.0,0.0,0.0,0.0,2026-05-01
AAH,NHS England South West,Tetbury Hospital Trust Ltd,0.0,0.0,744.0,744.0,0.0,0.0,744.0,744.0,0.0,0.0,0.0,0.0,1.0,,,1.0,0.0,0.0,0.0,0.0,0.0,0.0,0.0,0.0,2026-06-01
ACH01,NHS England South East,Whitstable Medical Practice,0.0,0.0,4999.0,4999.0,0.0,0.0,4999.0,4999.0,0.0,0.0,0.0,0.0,1.0,,,1.0,0.0,0.0,0.0,0.0,0.0,0.0,0.0,0.0,2026-06-01
AD913,NHS England London,Beckenham Beacon Ucc,0.0,0.0,3765.0,3765.0,0.0,0.0,3756.0,3756.0,0.0,0.0,9.0,9.0,0.9976095617529881,,,0.9976095617529881,0.0,0.0,0.0,0.0,0.0,0.0,0.0,0.0,2026-06-01
AJN,NHS England North East And Yorkshire,Workington Health Limited,0.0,0.0,476.0,476.0,0.0,0.0,476.0,476.0,0.0,0.0,0.0,0.0,1.0,,,1.0,0.0,0.0,0.0,0.0,0.0,0.0,0.0,0.0,2026-06-01
AQM01,NHS England South East,Faversham Medical Practice Miu,0.0,0.0,2781.0,2781.0,0.0,0.0,2781.0,2781.0,0.0,0.0,0.0,0.0,1.0,,,1.0,0.0,0.0,0.0,0.0,0.0,0.0,0.0,0.0,2026-06-01
AQN04,NHS England South East,Phl Lymington Utc,0.0,0.0,3406.0,3406.0,0.0,0.0,3325.0,3325.0,0.0,0.0,81.0,81.0,0.9762184380504991,,,0.9762184380504991,0.0,0.0,0.0,0.0,0.0,0.0,0.0,0.0,2026-06-01
ARN03,NHS England North East And Yorkshire,Local Care Direct,0.0,0.0,2508.0,2508.0,0.0,0.0,2499.0,2499.0,0.0,0.0,9.0,9.0,0.9964114832535885,,,0.9964114832535885,0.0,0.0,0.0,0.0,0.0,0.0,0.0,0.0,2026-06-01
C82009,NHS England Midlands,Market Harborough Med.Ctr,0.0,0.0,307.0,307.0,0.0,0.0,307.0,307.0,0.0,0.0,0.0,0.0,1.0,,,1.0,0.0,0.0,0.0,0.0,0.0,0.0,0.0,0.0,2026-06-01
C82038,NHS England Midlands,Latham House Medical Practice,0.0,0.0,441.0,441.0,0.0,0.0,441.0,441.0,0.0,0.0,0.0,0.0,1.0,,,1.0,0.0,0.0,0.0,0.0,0.0,0.0,0.0,0.0,2026-06-01
C83023,NHS England Midlands,Sleaford Medical Group,0.0,0.0,448.0,448.0,0.0,0.0,448.0,448.0,0.0,0.0,0.0,0.0,1.0,,,1.0,0.0,0.0,0.0,0.0,4.0,4.0,0.0,0.0,2026-06-01
DJV01,NHS England South East,Herne Bay Health Care Ltd,0.0,0.0,2696.0,2696.0,0.0,0.0,2696.0,2696.0,0.0,0.0,0.0,0.0,1.0,,,1.0,0.0,0.0,0.0,0.0,0.0,0.0,0.0,0.0,2026-06-01
DT301,NHS England East Of England,Herts Urgent Care (Ascots Lane),0.0,0.0,2286.0,2286.0,0.0,0.0,2089.0,2089.0,0.0,0.0,197.0,197.0,0.9138232720909887,,,0.9138232720909887,0.0,0.0,0.0,0.0,0.0,0.0,0.0,0.0,2026-06-01
G0Q0L,NHS England London,Barking Hospital Utc,0.0,0.0,3016.0,3016.0,0.0,0.0,2989.0,2989.0,0.0,0.0,27.0,27.0,0.9910477453580901,,,0.9910477453580901,0.0,0.0,0.0,0.0,0.0,0.0,0.0,0.0,2026-06-01
G3P9C,NHS England South West,Trowbridge Minor Injuries Unit,0.0,0.0,1560.0,1560.0,0.0,0.0,1533.0,1533.0,0.0,0.0,27.0,27.0,0.9826923076923076,,,0.9826923076923076,0.0,0.0,0.0,0.0,0.0,0.0,0.0,0.0,2026-06-01
K6K0R,NHS England London,Harold Wood Polyclinic Utc,0.0,0.0,2839.0,2839.0,0.0,0.0,2821.0,2821.0,0.0,0.0,18.0,18.0,0.9936597393448398,,,0.9936597393448398,0.0,0.0,0.0,0.0,0.0,0.0,0.0,0.0,2026-06-01
L83087,NHS England South West,Okehampton Medical Centre,0.0,0.0,92.0,92.0,0.0,0.0,92.0,92.0,0.0,0.0,0.0,0.0,1.0,,,1.0,0.0,0.0,0.0,0.0,0.0,0.0,0.0,0.0,2026-06-01
NDJ,NHS England South East,First Community Health And Care Cic,0.0,0.0,2562.0,2562.0,0.0,0.0,2502.0,2502.0,0.0,0.0,60.0,60.0,0.9765807962529274,,,0.9765807962529274,0.0,0.0,0.0,0.0,0.0,0.0,0.0,0.0,2026-06-01
NLX,NHS England South West,Sirona Care & Health,0.0,0.0,9924.0,9924.0,0.0,0.0,9459.0,9459.0,0.0,0.0,465.0,465.0,0.9531438935912938,,,0.9531438935912938,0.0,0.0,0.0,0.0,0.0,0.0,0.0,0.0,2026-06-01
NNF09,NHS England North East And Yorkshire,Bransholme Health Centre,0.0,0.0,3749.0,3749.0,0.0,0.0,3158.0,3158.0,0.0,0.0,591.0,591.0,0.8423579621232329,,,0.8423579621232329,0.0,0.0,0.0,0.0,0.0,0.0,0.0,0.0,2026-06-01
NNF16,NHS England North East And Yorkshire,Bridlington Hospital,0.0,0.0,1781.0,1781.0,0.0,0.0,1715.0,1715.0,0.0,0.0,66.0,66.0,0.9629421673217293,,,0.9629421673217293,0.0,0.0,0.0,0.0,0.0,0.0,0.0,0.0,2026-06-01
NNF94,NHS England North East And Yorkshire,East Riding Community Hospital,0.0,0.0,2741.0,2741.0,0.0,0.0,2524.0,2524.0,0.0,0.0,217.0,217.0,0.9208318132068588,,,0.9208318132068588,0.0,0.0,0.0,0.0,0.0,0.0,0.0,0.0,2026-06-01
NNFA7,NHS England North East And Yorkshire,Goole & District Hospital,0.0,0.0,1860.0,1860.0,0.0,0.0,1797.0,1797.0,0.0,0.0,63.0,63.0,0.9661290322580646,,,0.9661290322580646,0.0,0.0,0.0,0.0,0.0,0.0,0.0,0.0,2026-06-01
NNJ,NHS England Midlands,Dhu Health Care C.I.C,0.0,0.0,1934.0,1934.0,0.0,0.0,1933.0,1933.0,0.0,0.0,1.0,1.0,0.999482936918304,,,0.999482936918304,0.0,0.0,0.0,0.0,0.0,0.0,0.0,0.0,2026-06-01
NNJ07,NHS England Midlands,Loughborough Urgent Care Centre,0.0,0.0,7705.0,7705.0,0.0,0.0,7675.0,7675.0,0.0,0.0,30.0,30.0,0.9961064243997404,,,0.9961064243997404,0.0,0.0,0.0,0.0,0.0,0.0,0.0,0.0,2026-06-01
NNJ0H,NHS England Midlands,Llr Ea - The Merlyn Vaz Health & Social Care Centre,0.0,0.0,2596.0,2596.0,0.0,0.0,2589.0,2589.0,0.0,0.0,7.0,7.0,0.9973035439137135,,,0.9973035439137135,0.0,0.0,0.0,0.0,0.0,0.0,0.0,0.0,2026-06-01
NNJ10,NHS England Midlands,Enderby Leisure Centre,0.0,0.0,324.0,324.0,0.0,0.0,324.0,324.0,0.0,0.0,0.0,0.0,1.0,,,1.0,0.0,0.0,0.0,0.0,0.0,0.0,0.0,0.0,2026-06-01
NNJ11,NHS England Midlands,Lutterworth Hospital,0.0,0.0,107.0,107.0,0.0,0.0,107.0,107.0,0.0,0.0,0.0,0.0,1.0,,,1.0,0.0,0.0,0.0,0.0,0.0,0.0,0.0,0.0,2026-06-01
NNJ12,NHS England Midlands,Market Harborough,0.0,0.0,260.0,260.0,0.0,0.0,260.0,260.0,0.0,0.0,0.0,0.0,1.0,,,1.0,0.0,0.0,0.0,0.0,0.0,0.0,0.0,0.0,2026-06-01
NNJ13,NHS England Midlands,Melton Mowbray,0.0,0.0,372.0,372.0,0.0,0.0,372.0,372.0,0.0,0.0,0.0,0.0,1.0,,,1.0,0.0,0.0,0.0,0.0,0.0,0.0,0.0,0.0,2026-06-01
NNJ14,NHS England Midlands,Oadby,0.0,0.0,2953.0,2953.0,0.0,0.0,2946.0,2946.0,0.0,0.0,7.0,7.0,0.9976295292922451,,,0.9976295292922451,0.0,0.0,0.0,0.0,0.0,0.0,0.0,0.0,2026-06-01
NNJ15,NHS England Midlands,Rutland Minor Illness And Injury Service (Formerly Wlhh Pre-April 2026),0.0,0.0,624.0,624.0,0.0,0.0,623.0,623.0,0.0,0.0,1.0,1.0,0.9983974358974359,,,0.9983974358974359,0.0,0.0,0.0,0.0,0.0,0.0,0.0,0.0,2026-06-01
NQT1I,NHS England South West,Chippenham Community Hospital,0.0,0.0,1910.0,1910.0,0.0,0.0,1853.0,1853.0,0.0,0.0,57.0,57.0,0.9701570680628272,,,0.9701570680628272,0.0,0.0,0.0,0.0,0.0,0.0,0.0,0.0,2026-06-01
NQT5F,NHS England North West,Skelmersdale Walk In Centre,0.0,0.0,1547.0,1547.0,0.0,0.0,1543.0,1543.0,0.0,0.0,4.0,4.0,0.9974143503555268,,,0.9974143503555268,0.0,0.0,0.0,0.0,0.0,0.0,0.0,0.0,2026-06-01
NQT5H,NHS England South West,Paulton Memorial Hospital,0.0,0.0,1043.0,1043.0,0.0,0.0,1038.0,1038.0,0.0,0.0,5.0,5.0,0.9952061361457335,,,0.9952061361457335,0.0,0.0,0.0,0.0,0.0,0.0,0.0,0.0,2026-06-01
NTP11,NHS England South East,Practice Plus Group Hospital - Southampton,0.0,0.0,5634.0,5634.0,0.0,0.0,5459.0,5459.0,0.0,0.0,175.0,175.0,0.9689385871494498,,,0.9689385871494498,0.0,0.0,0.0,0.0,0.0,0.0,0.0,0.0,2026-06-01
NTPAD,NHS England South East,Practice Plus Group Surgical Centre - St Marys Portsmouth,0.0,0.0,5686.0,5686.0,0.0,0.0,5532.0,5532.0,0.0,0.0,154.0,154.0,0.9729159338726697,,,0.9729159338726697,0.0,0.0,0.0,0.0,0.0,0.0,0.0,0.0,2026-06-01
NTV0B,NHS England South East,Ashford Walk-In-Centre,0.0,0.0,2472.0,2472.0,0.0,0.0,2349.0,2349.0,0.0,0.0,123.0,123.0,0.9502427184466019,,,0.9502427184466019,0.0,0.0,0.0,0.0,0.0,0.0,0.0,0.0,2026-06-01
NTV0W,NHS England South East,Woking Walk In Centre,0.0,0.0,2680.0,2680.0,0.0,0.0,2549.0,2549.0,0.0,0.0,131.0,131.0,0.9511194029850746,,,0.9511194029850746,0.0,0.0,0.0,0.0,0.0,0.0,0.0,0.0,2026-06-01
NV693,NHS England North West,Rossendale Miu & Ooh,0.0,0.0,1137.0,1137.0,0.0,0.0,1135.0,1135.0,0.0,0.0,2.0,2.0,0.9982409850483729,,,0.9982409850483729,0.0,0.0,0.0,0.0,0.0,0.0,0.0,0.0,2026-06-01
NVE43,NHS England South East,Hastings GP Led Health Centre,0.0,0.0,1321.0,1321.0,0.0,0.0,1321.0,1321.0,0.0,0.0,0.0,0.0,1.0,,,1.0,0.0,0.0,0.0,0.0,0.0,0.0,0.0,0.0,2026-06-01
R0A,NHS England North West,Manchester University NHS Foundation Trust,31405.0,4006.0,12894.0,48305.0,18814.0,3837.0,12574.0,35225.0,12591.0,169.0,320.0,13080.0,0.7292205775799606,0.5990765801623945,0.9578132800798802,0.9751822553125484,5831.0,115.0,101.0,6047.0,446.0,6493.0,3687.0,103.0,2026-06-01
R0B,NHS England North East And Yorkshire,South Tyneside And Sunderland NHS Foundation Trust,12949.0,1519.0,8087.0,22555.0,7835.0,1505.0,7861.0,17201.0,5114.0,14.0,226.0,5354.0,0.7626246951895367,0.6050660282647309,0.9907834101382489,0.972053913688636,4836.0,38.0,0.0,4874.0,1281.0,6155.0,311.0,1.0,2026-06-01
R0D,NHS England South West,University Hospitals Dorset NHS Foundation Trust,15936.0,0.0,4484.0,20420.0,9847.0,0.0,4484.0,14331.0,6089.0,0.0,0.0,6089.0,0.7018119490695397,0.6179091365461847,,1.0,4199.0,7.0,0.0,4206.0,2628.0,6834.0,1479.0,399.0,2026-06-01
R1D,NHS England Midlands,Shropshire Community Health NHS Trust,0.0,0.0,3940.0,3940.0,0.0,0.0,3842.0,3842.0,0.0,0.0,98.0,98.0,0.9751269035532995,,,0.9751269035532995,0.0,0.0,0.0,0.0,0.0,0.0,0.0,0.0,2026-06-01
R1F,NHS England South East,Isle Of Wight NHS Trust,4270.0,241.0,1705.0,6216.0,2854.0,241.0,1647.0,4742.0,1416.0,0.0,58.0,1474.0,0.7628700128700129,0.668384074941452,1.0,0.9659824046920821,1410.0,0.0,0.0,1410.0,82.0,1492.0,523.0,251.0,2026-06-01
R1H,NHS England London,Barts Health NHS Trust,26847.0,987.0,18586.0,46420.0,16309.0,978.0,16747.0,34034.0,10538.0,9.0,1839.0,12386.0,0.7331753554502369,0.6074794204194137,0.9908814589665653,0.9010545571935866,4190.0,1.0,28.0,4219.0,1297.0,5516.0,2158.0,1112.0,2026-06-01
R1K,NHS England London,London North West University Healthcare NHS Trust,14313.0,0.0,16507.0,30820.0,7861.0,0.0,16216.0,24077.0,6452.0,0.0,291.0,6743.0,0.7812134977287476,0.549220987913086,,0.9823711152844248,6517.0,0.0,0.0,6517.0,85.0,6602.0,1050.0,473.0,2026-06-01
RA2,NHS England South East,Royal Surrey NHS Foundation Trust,7724.0,0.0,2536.0,10260.0,5170.0,0.0,2535.0,7705.0,2554.0,0.0,1.0,2555.0,0.7509746588693957,0.6693423096841015,,0.9996056782334385,2360.0,0.0,0.0,2360.0,1141.0,3501.0,523.0,13.0,2026-06-01
RA7,NHS England South West,University Hospitals Bristol And Weston NHS Foundation Trust,16168.0,2583.0,0.0,18751.0,10697.0,2428.0,0.0,13125.0,5471.0,155.0,0.0,5626.0,0.6999626686576715,0.6616155368629392,0.9399922570654278,,4981.0,6.0,0.0,4987.0,1432.0,6419.0,1562.0,498.0,2026-06-01
RA9,NHS England South West,Torbay And South Devon NHS Foundation Trust,7215.0,0.0,4064.0,11279.0,3489.0,0.0,3873.0,7362.0,3726.0,0.0,191.0,3917.0,0.6527174394893164,0.4835758835758836,,0.953001968503937,1551.0,0.0,4.0,1555.0,445.0,2000.0,467.0,140.0,2026-06-01
RAE,NHS England North East And Yorkshire,Bradford Teaching Hospitals NHS Foundation Trust,9476.0,1072.0,3910.0,14458.0,6798.0,1072.0,3908.0,11778.0,2678.0,0.0,2.0,2680.0,0.8146354959192142,0.717391304347826,1.0,0.9994884910485934,2548.0,0.0,20.0,2568.0,1243.0,3811.0,833.0,195.0,2026-06-01
RAJ,NHS England East Of England,Mid And South Essex NHS Foundation Trust,28161.0,0.0,8012.0,36173.0,18662.0,0.0,7749.0,26411.0,9499.0,0.0,263.0,9762.0,0.7301302076134133,0.6626895351727566,,0.967174238642037,8934.0,0.0,183.0,9117.0,1137.0,10254.0,2794.0,1086.0,2026-06-01
RAL,NHS England London,Royal Free London NHS Foundation Trust,27050.0,533.0,17415.0,44998.0,19045.0,523.0,16583.0,36151.0,8005.0,10.0,832.0,8847.0,0.8033912618338593,0.7040665434380776,0.9812382739212008,0.9522250933103646,6270.0,1.0,144.0,6415.0,759.0,7174.0,2684.0,1778.0,2026-06-01
RAN,NHS England London,Royal National Orthopaedic Hospital NHS Trust,0.0,0.0,0.0,0.0,0.0,0.0,0.0,0.0,0.0,0.0,0.0,0.0,,,,,0.0,0.0,0.0,0.0,16.0,16.0,0.0,0.0,2026-06-01
RAS,NHS England London,The Hillingdon Hospitals NHS Foundation Trust,5581.0,0.0,7164.0,12745.0,3100.0,0.0,7106.0,10206.0,2481.0,0.0,58.0,2539.0,0.8007846214201648,0.5554560114674789,,0.9919039642657733,1776.0,0.0,0.0,1776.0,62.0,1838.0,556.0,48.0,2026-06-01
RAT,NHS England London,North East London NHS Foundation Trust,0.0,0.0,1696.0,1696.0,0.0,0.0,1643.0,1643.0,0.0,0.0,53.0,53.0,0.96875,,,0.96875,0.0,0.0,0.0,0.0,0.0,0.0,0.0,0.0,2026-06-01
RAX,NHS England London,Kingston And Richmond NHS Foundation Trust,7299.0,0.0,8571.0,15870.0,3343.0,0.0,8315.0,11658.0,3956.0,0.0,256.0,4212.0,0.734593572778828,0.45800794629401287,,0.9701318399253296,2695.0,0.0,226.0,2921.0,698.0,3619.0,785.0,563.0,2026-06-01
RBD,NHS England South West,Dorset County Hospital NHS Foundation Trust,5409.0,0.0,4644.0,10053.0,2896.0,0.0,4634.0,7530.0,2513.0,0.0,10.0,2523.0,0.7490301402566398,0.5354039563690146,,0.9978466838931955,1925.0,0.0,0.0,1925.0,511.0,2436.0,281.0,61.0,2026-06-01
RBK,NHS England Midlands,Walsall Healthcare NHS Trust,10015.0,0.0,4528.0,14543.0,7724.0,0.0,4385.0,12109.0,2291.0,0.0,143.0,2434.0,0.832634257030874,0.7712431352970545,,0.9684187279151943,4460.0,0.0,0.0,4460.0,855.0,5315.0,865.0,94.0,2026-06-01
RBL,NHS England North West,Wirral University Teaching Hospital NHS Foundation Trust,8388.0,0.0,2912.0,11300.0,4070.0,0.0,2868.0,6938.0,4318.0,0.0,44.0,4362.0,0.6139823008849558,0.48521697663328567,,0.9848901098901099,2250.0,0.0,0.0,2250.0,1824.0,4074.0,1079.0,705.0,2026-06-01
RBN,NHS England North West,Mersey And West Lancashire Teaching Hospitals NHS Trust,18034.0,0.0,7390.0,25424.0,11188.0,0.0,7260.0,18448.0,6846.0,0.0,130.0,6976.0,0.7256135934550031,0.6203837196406787,,0.9824086603518268,8042.0,0.0,0.0,8042.0,987.0,9029.0,999.0,403.0,2026-06-01
RBQ,NHS England North West,Liverpool Heart And Chest Hospital NHS Foundation Trust,0.0,0.0,0.0,0.0,0.0,0.0,0.0,0.0,0.0,0.0,0.0,0.0,,,,,0.0,0.0,0.0,0.0,123.0,123.0,0.0,0.0,2026-06-01
RBS,NHS England North West,Alder Hey Children's NHS Foundation Trust,6141.0,0.0,0.0,6141.0,5044.0,0.0,0.0,5044.0,1097.0,0.0,0.0,1097.0,0.8213645985995767,0.8213645985995767,,,831.0,0.0,0.0,831.0,256.0,1087.0,1.0,0.0,2026-06-01
RBT,NHS England North West,Mid Cheshire Hospitals NHS Foundation Trust,7190.0,0.0,3792.0,10982.0,3323.0,0.0,3709.0,7032.0,3867.0,0.0,83.0,3950.0,0.6403205244946276,0.46216968011126563,,0.9781118143459916,2475.0,0.0,0.0,2475.0,771.0,3246.0,1068.0,743.0,2026-06-01
RBV,NHS England North West,The Christie NHS Foundation Trust,0.0,0.0,0.0,0.0,0.0,0.0,0.0,0.0,0.0,0.0,0.0,0.0,,,,,0.0,0.0,0.0,0.0,816.0,816.0,0.0,0.0,2026-06-01
RC9,NHS England East Of England,Bedfordshire Hospitals NHS Foundation Trust,18544.0,0.0,8458.0,27002.0,11600.0,0.0,8458.0,20058.0,6944.0,0.0,0.0,6944.0,0.7428338641582105,0.6255392579810182,,1.0,5291.0,0.0,0.0,5291.0,2438.0,7729.0,153.0,70.0,2026-06-01
RCB,NHS England North East And Yorkshire,York And Scarborough Teaching Hospitals NHS Foundation Trust,12858.0,26.0,6240.0,19124.0,6790.0,24.0,5650.0,12464.0,6068.0,2.0,590.0,6660.0,0.6517464965488392,0.5280759060507078,0.9230769230769231,0.905448717948718,3564.0,0.0,0.0,3564.0,757.0,4321.0,675.0,288.0,2026-06-01
RCD,NHS England North East And Yorkshire,Harrogate And District NHS Foundation Trust,5781.0,0.0,1757.0,7538.0,3641.0,0.0,1756.0,5397.0,2140.0,0.0,1.0,2141.0,0.7159724064738657,0.6298218301331949,,0.9994308480364257,1193.0,0.0,0.0,1193.0,275.0,1468.0,141.0,11.0,2026-06-01
RCF,NHS England North East And Yorkshire,Airedale NHS Foundation Trust,6877.0,251.0,0.0,7128.0,3955.0,251.0,0.0,4206.0,2922.0,0.0,0.0,2922.0,0.5900673400673401,0.5751054238766904,1.0,,1536.0,0.0,0.0,1536.0,528.0,2064.0,652.0,203.0,2026-06-01
RCU,NHS England North East And Yorkshire,Sheffield Children's NHS Foundation Trust,5101.0,0.0,310.0,5411.0,4634.0,0.0,310.0,4944.0,467.0,0.0,0.0,467.0,0.9136943263722047,0.908449323662027,,1.0,1010.0,0.0,0.0,1010.0,76.0,1086.0,15.0,0.0,2026-06-01
RCX,NHS England East Of England,"The Queen Elizabeth Hospital, King's Lynn, NHS Foundation Trust",6692.0,0.0,1212.0,7904.0,3637.0,0.0,1212.0,4849.0,3055.0,0.0,0.0,3055.0,0.6134868421052632,0.5434847579199044,,1.0,1886.0,0.0,0.0,1886.0,373.0,2259.0,898.0,149.0,2026-06-01
RD1,NHS England South West,Royal United Hospitals Bath NHS Foundation Trust,9040.0,0.0,0.0,9040.0,5221.0,0.0,0.0,5221.0,3819.0,0.0,0.0,3819.0,0.5775442477876106,0.5775442477876106,,,2716.0,0.0,0.0,2716.0,2044.0,4760.0,1035.0,135.0,2026-06-01
RD8,NHS England East Of England,Milton Keynes University Hospital NHS Foundation Trust,9445.0,0.0,5266.0,14711.0,4997.0,0.0,5174.0,10171.0,4448.0,0.0,92.0,4540.0,0.6913873971857794,0.5290629962943356,,0.982529434105583,2406.0,0.0,0.0,2406.0,498.0,2904.0,604.0,0.0,2026-06-01
RDE,NHS England East Of England,East Suffolk And North Essex NHS Foundation Trust,11828.0,0.0,13707.0,25535.0,6892.0,0.0,12770.0,19662.0,4936.0,0.0,937.0,5873.0,0.77000195809673,0.5826851538721677,,0.931640767491063,5076.0,0.0,1.0,5077.0,253.0,5330.0,1498.0,615.0,2026-06-01
RDR,NHS England South East,Sussex Community NHS Foundation Trust,0.0,0.0,12817.0,12817.0,0.0,0.0,12416.0,12416.0,0.0,0.0,401.0,401.0,0.9687134274791293,,,0.9687134274791293,0.0,0.0,0.0,0.0,0.0,0.0,0.0,0.0,2026-06-01
RDU,NHS England South East,Frimley Health NHS Foundation Trust,22940.0,873.0,11346.0,35159.0,14199.0,873.0,11075.0,26147.0,8741.0,0.0,271.0,9012.0,0.7436787166870502,0.6189625108979948,1.0,0.9761149303719372,6395.0,0.0,0.0,6395.0,159.0,6554.0,1610.0,611.0,2026-06-01
RDY,NHS England South West,Dorset Healthcare University NHS Foundation Trust,0.0,0.0,0.0,0.0,0.0,0.0,0.0,0.0,0.0,0.0,0.0,0.0,,,,,0.0,0.0,1.0,1.0,2.0,3.0,0.0,0.0,2026-06-01
REF,NHS England South West,Royal Cornwall Hospitals NHS Trust,7365.0,0.0,13715.0,21080.0,3040.0,0.0,12727.0,15767.0,4325.0,0.0,988.0,5313.0,0.7479601518026565,0.41276306856754924,,0.9279620853080569,2558.0,0.0,42.0,2600.0,1453.0,4053.0,1280.0,620.0,2026-06-01
REM,NHS England North West,Liverpool University Hospitals NHS Foundation Trust,16947.0,1959.0,8172.0,27078.0,8515.0,1950.0,7856.0,18321.0,8432.0,9.0,316.0,8757.0,0.6766009306448039,0.5024488109989969,0.9954058192955589,0.9613313754282917,4915.0,0.0,0.0,4915.0,2514.0,7429.0,2010.0,1229.0,2026-06-01
REP,NHS England North West,Liverpool Women's NHS Foundation Trust,0.0,1462.0,0.0,1462.0,0.0,1303.0,0.0,1303.0,0.0,159.0,0.0,159.0,0.8912448700410397,,0.8912448700410397,,0.0,107.0,0.0,107.0,17.0,124.0,0.0,0.0,2026-06-01
RET,NHS England North West,The Walton Centre NHS Foundation Trust,0.0,0.0,0.0,0.0,0.0,0.0,0.0,0.0,0.0,0.0,0.0,0.0,,,,,0.0,0.0,0.0,0.0,181.0,181.0,0.0,0.0,2026-06-01
RF4,NHS England London,"Barking, Havering And Redbridge University Hospitals NHS Trust",13771.0,2493.0,15755.0,32019.0,7924.0,2253.0,15515.0,25692.0,5847.0,240.0,240.0,6327.0,0.8023985758455917,0.5754120978868636,0.9037304452466908,0.9847667407172326,3692.0,0.0,0.0,3692.0,2405.0,6097.0,1231.0,659.0,2026-06-01
RFF,NHS England North East And Yorkshire,Barnsley Hospital NHS Foundation Trust,10151.0,0.0,0.0,10151.0,7692.0,0.0,0.0,7692.0,2459.0,0.0,0.0,2459.0,0.7577578563688306,0.7577578563688306,,,3532.0,0.0,0.0,3532.0,470.0,4002.0,367.0,20.0,2026-06-01
RFR,NHS England North East And Yorkshire,The Rotherham NHS Foundation Trust,10194.0,0.0,0.0,10194.0,6890.0,0.0,0.0,6890.0,3304.0,0.0,0.0,3304.0,0.6758877771237983,0.6758877771237983,,,2086.0,0.0,0.0,2086.0,529.0,2615.0,588.0,3.0,2026-06-01
RFS,NHS England Midlands,Chesterfield Royal Hospital NHS Foundation Trust,7043.0,0.0,5442.0,12485.0,3406.0,0.0,5375.0,8781.0,3637.0,0.0,67.0,3704.0,0.7033239887865439,0.4836007383217379,,0.9876883498713708,2140.0,0.0,11.0,2151.0,126.0,2277.0,940.0,196.0,2026-06-01
RGN,NHS England East Of England,North West Anglia NHS Foundation Trust,15797.0,0.0,5463.0,21260.0,10034.0,0.0,5331.0,15365.0,5763.0,0.0,132.0,5895.0,0.7227187206020697,0.6351838956763942,,0.9758374519494784,3902.0,0.0,35.0,3937.0,1506.0,5443.0,1276.0,762.0,2026-06-01
RGP,NHS England East Of England,James Paget University Hospitals NHS Foundation Trust,7715.0,0.0,1769.0,9484.0,5144.0,0.0,1769.0,6913.0,2571.0,0.0,0.0,2571.0,0.7289118515394348,0.6667530784186649,,1.0,1580.0,0.0,0.0,1580.0,459.0,2039.0,899.0,311.0,2026-06-01
RGR,NHS England East Of England,West Suffolk NHS Foundation Trust,8293.0,0.0,990.0,9283.0,5921.0,0.0,990.0,6911.0,2372.0,0.0,0.0,2372.0,0.7444791554454379,0.7139756421078017,,1.0,1708.0,0.0,0.0,1708.0,346.0,2054.0,759.0,348.0,2026-06-01
RGT,NHS England East Of England,Cambridge University Hospitals NHS Foundation Trust,12321.0,0.0,6136.0,18457.0,6580.0,0.0,5947.0,12527.0,5741.0,0.0,189.0,5930.0,0.6787126835347023,0.5340475610745881,,0.9691981747066493,2822.0,0.0,33.0,2855.0,442.0,3297.0,1010.0,445.0,2026-06-01
RH5,NHS England South West,Somerset NHS Foundation Trust,12096.0,0.0,9914.0,22010.0,5988.0,0.0,9562.0,15550.0,6108.0,0.0,352.0,6460.0,0.7064970467969105,0.49503968253968256,,0.9644946540246117,3082.0,0.0,0.0,3082.0,1781.0,4863.0,720.0,109.0,2026-06-01
RH8,NHS England South West,Royal Devon University Healthcare NHS Foundation Trust,14773.0,0.0,4787.0,19560.0,7866.0,0.0,4782.0,12648.0,6907.0,0.0,5.0,6912.0,0.6466257668711657,0.532457862316388,,0.9989555044913306,3198.0,0.0,0.0,3198.0,1944.0,5142.0,1384.0,256.0,2026-06-01
RHM,NHS England South East,University Hospital Southampton NHS Foundation Trust,11607.0,1044.0,0.0,12651.0,7498.0,1042.0,0.0,8540.0,4109.0,2.0,0.0,4111.0,0.6750454509524939,0.6459894891014043,0.9980842911877394,,3726.0,9.0,0.0,3735.0,1775.0,5510.0,695.0,22.0,2026-06-01
RHQ,NHS England North East And Yorkshire,Sheffield Teaching Hospitals NHS Foundation Trust,9491.0,1262.0,8130.0,18883.0,5094.0,1259.0,7681.0,14034.0,4397.0,3.0,449.0,4849.0,0.7432081766668432,0.5367189969444737,0.9976228209191759,0.9447724477244772,3220.0,0.0,0.0,3220.0,3468.0,6688.0,857.0,18.0,2026-06-01
RHU,NHS England South East,Portsmouth Hospitals University NHS Trust,13485.0,1076.0,4422.0,18983.0,8166.0,1062.0,4397.0,13625.0,5319.0,14.0,25.0,5358.0,0.7177474582521203,0.6055617352614016,0.9869888475836431,0.9943464495703301,3233.0,0.0,0.0,3233.0,2543.0,5776.0,1884.0,1112.0,2026-06-01
RHW,NHS England South East,Royal Berkshire NHS Foundation Trust,12788.0,2855.0,3320.0,18963.0,8354.0,2755.0,3320.0,14429.0,4434.0,100.0,0.0,4534.0,0.7609028107366977,0.653268689396309,0.9649737302977233,1.0,2262.0,0.0,0.0,2262.0,350.0,2612.0,781.0,47.0,2026-06-01
RJ1,NHS England London,Guy's And St Thomas' NHS Foundation Trust,10541.0,0.0,7138.0,17679.0,6253.0,0.0,6970.0,13223.0,4288.0,0.0,168.0,4456.0,0.7479495446575033,0.5932074755715776,,0.9764639955169515,2116.0,0.0,0.0,2116.0,269.0,2385.0,240.0,80.0,2026-06-01
RJ2,NHS England London,Lewisham And Greenwich NHS Trust,16456.0,0.0,18900.0,35356.0,8286.0,0.0,18468.0,26754.0,8170.0,0.0,432.0,8602.0,0.7567032469736396,0.5035245503159942,,0.9771428571428571,4811.0,0.0,0.0,4811.0,538.0,5349.0,1677.0,582.0,2026-06-01
RJ6,NHS England London,Croydon Health Services NHS Trust,13584.0,0.0,4716.0,18300.0,8320.0,0.0,4716.0,13036.0,5264.0,0.0,0.0,5264.0,0.7123497267759563,0.6124852767962309,,1.0,1035.0,0.0,0.0,1035.0,139.0,1174.0,851.0,601.0,2026-06-01
RJ7,NHS England London,St George's University Hospitals NHS Foundation Trust,9515.0,0.0,4014.0,13529.0,6433.0,0.0,3743.0,10176.0,3082.0,0.0,271.0,3353.0,0.7521620223224185,0.6760903836048344,,0.93248629795715,1838.0,0.0,0.0,1838.0,617.0,2455.0,807.0,418.0,2026-06-01
RJ8,NHS England South West,Cornwall Partnership NHS Foundation Trust,0.0,0.0,0.0,0.0,0.0,0.0,0.0,0.0,0.0,0.0,0.0,0.0,,,,,0.0,0.0,15.0,15.0,63.0,78.0,0.0,0.0,2026-06-01
RJC,NHS England Midlands,South Warwickshire University NHS Foundation Trust,8845.0,0.0,443.0,9288.0,6730.0,0.0,443.0,7173.0,2115.0,0.0,0.0,2115.0,0.7722868217054264,0.7608818541548897,,1.0,1773.0,0.0,0.0,1773.0,627.0,2400.0,441.0,88.0,2026-06-01
RJE,NHS England Midlands,University Hospitals Of North Midlands NHS Trust,16447.0,549.0,8983.0,25979.0,8118.0,549.0,8865.0,17532.0,8329.0,0.0,118.0,8447.0,0.6748527656953693,0.49358545631422146,1.0,0.9868640765891128,4768.0,0.0,0.0,4768.0,1163.0,5931.0,1868.0,909.0,2026-06-01
RJL,NHS England North East And Yorkshire,Northern Lincolnshire And Goole NHS Foundation Trust,10862.0,0.0,7261.0,18123.0,5429.0,0.0,7106.0,12535.0,5433.0,0.0,155.0,5588.0,0.6916625282789826,0.49981587184680537,,0.9786530780884176,5411.0,0.0,0.0,5411.0,445.0,5856.0,1222.0,729.0,2026-06-01
RJN,NHS England North West,East Cheshire NHS Trust,4739.0,0.0,87.0,4826.0,2404.0,0.0,87.0,2491.0,2335.0,0.0,0.0,2335.0,0.5161624533775383,0.5072800168811986,,1.0,816.0,0.0,0.0,816.0,182.0,998.0,616.0,389.0,2026-06-01
RJR,NHS England North West,Countess Of Chester Hospital NHS Foundation Trust,5734.0,0.0,2764.0,8498.0,3081.0,0.0,2464.0,5545.0,2653.0,0.0,300.0,2953.0,0.6525064721110849,0.5373212417160795,,0.8914616497829233,1899.0,0.0,0.0,1899.0,1190.0,3089.0,1101.0,671.0,2026-06-01
RJZ,NHS England London,King's College Hospital NHS Foundation Trust,15687.0,0.0,11089.0,26776.0,8752.0,0.0,10436.0,19188.0,6935.0,0.0,653.0,7588.0,0.7166118912458919,0.5579141964684133,,0.9411128145008567,3591.0,0.0,0.0,3591.0,294.0,3885.0,2125.0,702.0,2026-06-01
RK5,NHS England Midlands,Sherwood Forest Hospitals NHS Foundation Trust,11647.0,0.0,6030.0,17677.0,6215.0,0.0,5012.0,11227.0,5432.0,0.0,1018.0,6450.0,0.6351190812920744,0.533613806130334,,0.8311774461028192,3797.0,0.0,0.0,3797.0,251.0,4048.0,1032.0,391.0,2026-06-01
RK9,NHS England South West,University Hospitals Plymouth NHS Trust,8899.0,121.0,8611.0,17631.0,3113.0,110.0,8508.0,11731.0,5786.0,11.0,103.0,5900.0,0.6653621462197267,0.34981458590852904,0.9090909090909091,0.9880385553361979,3107.0,0.0,0.0,3107.0,1681.0,4788.0,1111.0,322.0,2026-06-01
RKB,NHS England Midlands,University Hospitals Coventry And Warwickshire NHS Trust,13134.0,2571.0,6114.0,21819.0,7918.0,2512.0,5980.0,16410.0,5216.0,59.0,134.0,5409.0,0.7520967963701362,0.6028627988426983,0.9770517308440295,0.9780830879947661,856.0,30.0,36.0,922.0,371.0,1293.0,57.0,18.0,2026-06-01
RKE,NHS England London,Whittington Health NHS Trust,9439.0,0.0,0.0,9439.0,6601.0,0.0,0.0,6601.0,2838.0,0.0,0.0,2838.0,0.6993325564148745,0.6993325564148745,,,1334.0,0.0,0.0,1334.0,38.0,1372.0,528.0,276.0,2026-06-01
RL1,NHS England Midlands,The Robert Jones And Agnes Hunt Orthopaedic Hospital NHS Foundation Trust,0.0,0.0,0.0,0.0,0.0,0.0,0.0,0.0,0.0,0.0,0.0,0.0,,,,,0.0,0.0,0.0,0.0,43.0,43.0,0.0,0.0,2026-06-01
RL4,NHS England Midlands,The Royal Wolverhampton NHS Trust,11508.0,1733.0,7950.0,21191.0,7559.0,1725.0,7767.0,17051.0,3949.0,8.0,183.0,4140.0,0.8046340427539993,0.6568474104970455,0.9953837276399308,0.9769811320754717,6026.0,0.0,65.0,6091.0,827.0,6918.0,1402.0,744.0,2026-06-01
RLQ,NHS England Midlands,Wye Valley NHS Trust,6595.0,892.0,213.0,7700.0,3713.0,892.0,213.0,4818.0,2882.0,0.0,0.0,2882.0,0.6257142857142857,0.5630022744503411,1.0,1.0,1386.0,0.0,0.0,1386.0,166.0,1552.0,637.0,178.0,2026-06-01
RLT,NHS England Midlands,George Eliot Hospital NHS Trust,7434.0,0.0,1853.0,9287.0,6433.0,0.0,1853.0,8286.0,1001.0,0.0,0.0,1001.0,0.8922149240874341,0.8653483992467044,,1.0,1194.0,0.0,0.0,1194.0,0.0,1194.0,640.0,259.0,2026-06-01
RM1,NHS England East Of England,Norfolk And Norwich University Hospitals NHS Foundation Trust,13789.0,0.0,7688.0,21477.0,9200.0,0.0,7670.0,16870.0,4589.0,0.0,18.0,4607.0,0.7854914559761605,0.6671984915512365,,0.9976586888657648,2295.0,0.0,0.0,2295.0,1597.0,3892.0,1041.0,319.0,2026-06-01
RM3,NHS England North West,Northern Care Alliance NHS Foundation Trust,27750.0,0.0,9330.0,37080.0,17399.0,0.0,8933.0,26332.0,10351.0,0.0,397.0,10748.0,0.7101402373247033,0.626990990990991,,0.957449088960343,7651.0,0.0,361.0,8012.0,2628.0,10640.0,2189.0,1231.0,2026-06-01
RMC,NHS England North West,Bolton NHS Foundation Trust,8817.0,0.0,3740.0,12557.0,4811.0,0.0,3544.0,8355.0,4006.0,0.0,196.0,4202.0,0.6653659313530302,0.5456504479981853,,0.9475935828877006,2497.0,0.0,121.0,2618.0,744.0,3362.0,928.0,455.0,2026-06-01
RMP,NHS England North West,Tameside And Glossop Integrated Care NHS Foundation Trust,9493.0,0.0,2313.0,11806.0,5154.0,0.0,2261.0,7415.0,4339.0,0.0,52.0,4391.0,0.62807047264103,0.542926366796587,,0.9775183744055339,1516.0,0.0,0.0,1516.0,298.0,1814.0,808.0,447.0,2026-06-01
RN3,NHS England South West,Great Western Hospitals NHS Foundation Trust,7808.0,0.0,4553.0,12361.0,4229.0,0.0,3832.0,8061.0,3579.0,0.0,721.0,4300.0,0.6521317045546476,0.5416239754098361,,0.8416428728311004,2590.0,0.0,0.0,2590.0,1401.0,3991.0,1104.0,422.0,2026-06-01
RN5,NHS England South East,Hampshire Hospitals NHS Foundation Trust,10028.0,64.0,4882.0,14974.0,5006.0,64.0,4459.0,9529.0,5022.0,0.0,423.0,5445.0,0.6363697074929878,0.4992022337455126,1.0,0.9133551823023351,3709.0,4.0,19.0,3732.0,965.0,4697.0,215.0,15.0,2026-06-01
RN7,NHS England South East,Dartford And Gravesham NHS Trust,11659.0,0.0,3844.0,15503.0,9003.0,0.0,3811.0,12814.0,2656.0,0.0,33.0,2689.0,0.8265497000580533,0.7721931555021871,,0.9914151925078044,3904.0,0.0,0.0,3904.0,301.0,4205.0,771.0,323.0,2026-06-01
RNA,NHS England Midlands,The Dudley Group NHS Foundation Trust,10646.0,0.0,4283.0,14929.0,7355.0,0.0,4180.0,11535.0,3291.0,0.0,103.0,3394.0,0.7726572442896377,0.6908698102573737,,0.9759514359094092,3378.0,0.0,0.0,3378.0,2593.0,5971.0,798.0,175.0,2026-06-01
RNN,NHS England North East And Yorkshire,North Cumbria Integrated Care NHS Foundation Trust,9169.0,0.0,2917.0,12086.0,5327.0,0.0,2773.0,8100.0,3842.0,0.0,144.0,3986.0,0.6701969220585802,0.5809793870651107,,0.9506342132327734,2220.0,0.0,0.0,2220.0,476.0,2696.0,711.0,246.0,2026-06-01
RNQ,NHS England Midlands,Kettering General Hospital NHS Foundation Trust,10952.0,0.0,8659.0,19611.0,6850.0,0.0,8652.0,15502.0,4102.0,0.0,7.0,4109.0,0.7904747335678955,0.6254565376186998,,0.9991915925626516,1917.0,0.0,0.0,1917.0,281.0,2198.0,1227.0,644.0,2026-06-01
RNS,NHS England Midlands,Northampton General Hospital NHS Trust,11200.0,699.0,2080.0,13979.0,7216.0,664.0,2075.0,9955.0,3984.0,35.0,5.0,4024.0,0.7121396380284712,0.6442857142857142,0.949928469241774,0.9975961538461539,2400.0,0.0,0.0,2400.0,375.0,2775.0,1282.0,900.0,2026-06-01
RNU,NHS England South East,Oxford Health NHS Foundation Trust,0.0,0.0,4816.0,4816.0,0.0,0.0,4109.0,4109.0,0.0,0.0,707.0,707.0,0.8531976744186046,,,0.8531976744186046,0.0,0.0,0.0,0.0,0.0,0.0,0.0,0.0,2026-06-01
RNZ,NHS England South West,Salisbury NHS Foundation Trust,5094.0,344.0,2078.0,7516.0,2563.0,344.0,2078.0,4985.0,2531.0,0.0,0.0,2531.0,0.6632517296434274,0.5031409501374166,1.0,1.0,1211.0,0.0,0.0,1211.0,983.0,2194.0,597.0,219.0,2026-06-01
RP5,NHS England North East And Yorkshire,Doncaster And Bassetlaw Teaching Hospitals NHS Foundation Trust,14627.0,0.0,4006.0,18633.0,9284.0,0.0,4001.0,13285.0,5343.0,0.0,5.0,5348.0,0.7129823431546182,0.6347166199494086,,0.9987518721917125,3871.0,0.0,498.0,4369.0,956.0,5325.0,1574.0,246.0,2026-06-01
RP6,NHS England London,Moorfields Eye Hospital NHS Foundation Trust,0.0,6415.0,0.0,6415.0,0.0,6104.0,0.0,6104.0,0.0,311.0,0.0,311.0,0.9515198752922837,,0.9515198752922837,,0.0,6.0,0.0,6.0,243.0,249.0,0.0,0.0,2026-06-01
RPA,NHS England South East,Medway NHS Foundation Trust,9800.0,0.0,7402.0,17202.0,6308.0,0.0,6472.0,12780.0,3492.0,0.0,930.0,4422.0,0.742936867806069,0.643673469387755,,0.8743582815455282,1711.0,0.0,0.0,1711.0,489.0,2200.0,1093.0,822.0,2026-06-01
RPC,NHS England South East,Queen Victoria Hospital NHS Foundation Trust,0.0,0.0,1478.0,1478.0,0.0,0.0,1455.0,1455.0,0.0,0.0,23.0,23.0,0.9844384303112313,,,0.9844384303112313,0.0,0.0,3.0,3.0,598.0,601.0,0.0,0.0,2026-06-01
RQ3,NHS England Midlands,Birmingham Women's And Children's NHS Foundation Trust,4991.0,0.0,965.0,5956.0,4021.0,0.0,965.0,4986.0,970.0,0.0,0.0,970.0,0.8371390194761585,0.8056501703065518,,1.0,572.0,0.0,0.0,572.0,216.0,788.0,22.0,0.0,2026-06-01
RQM,NHS England London,Chelsea And Westminster Hospital NHS Foundation Trust,21375.0,0.0,7091.0,28466.0,15080.0,0.0,6815.0,21895.0,6295.0,0.0,276.0,6571.0,0.7691632122532144,0.7054970760233918,,0.9610774220843322,2940.0,0.0,0.0,2940.0,303.0,3243.0,1132.0,50.0,2026-06-01
RQW,NHS England East Of England,The Princess Alexandra Hospital NHS Trust,9059.0,0.0,2318.0,11377.0,6579.0,0.0,2318.0,8897.0,2480.0,0.0,0.0,2480.0,0.782016348773842,0.7262390992383265,,1.0,1723.0,0.0,0.0,1723.0,362.0,2085.0,883.0,318.0,2026-06-01
RQX,NHS England London,Homerton Healthcare NHS Foundation Trust,11549.0,0.0,0.0,11549.0,9270.0,0.0,0.0,9270.0,2279.0,0.0,0.0,2279.0,0.8026668975668889,0.8026668975668889,,,1773.0,0.0,0.0,1773.0,335.0,2108.0,202.0,24.0,2026-06-01
RR7,NHS England North East And Yorkshire,Gateshead Health NHS Foundation Trust,5869.0,0.0,4860.0,10729.0,3509.0,0.0,4825.0,8334.0,2360.0,0.0,35.0,2395.0,0.7767732314288377,0.5978872039529732,,0.992798353909465,1882.0,0.0,0.0,1882.0,41.0,1923.0,587.0,5.0,2026-06-01
RR8,NHS England North East And Yorkshire,Leeds Teaching Hospitals NHS Trust,19116.0,843.0,10946.0,30905.0,12113.0,843.0,10799.0,23755.0,7003.0,0.0,147.0,7150.0,0.768645850186054,0.6336576689684035,1.0,0.9865704366892015,3597.0,0.0,0.0,3597.0,1261.0,4858.0,1923.0,452.0,2026-06-01
RRF,NHS England North West,"Wrightington, Wigan And Leigh Teaching Hospitals NHS Foundation Trust",6734.0,0.0,6680.0,13414.0,3464.0,0.0,6547.0,10011.0,3270.0,0.0,133.0,3403.0,0.7463098255553899,0.5144045144045144,,0.9800898203592814,2618.0,0.0,0.0,2618.0,576.0,3194.0,507.0,139.0,2026-06-01
RRK,NHS England Midlands,University Hospitals Birmingham NHS Foundation Trust,35585.0,384.0,12746.0,48715.0,20633.0,384.0,12570.0,33587.0,14952.0,0.0,176.0,15128.0,0.689459098840193,0.5798229591119853,1.0,0.9861917464302526,10471.0,0.0,0.0,10471.0,7763.0,18234.0,4266.0,2391.0,2026-06-01
RRV,NHS England London,University College London Hospitals NHS Foundation Trust,14073.0,0.0,0.0,14073.0,10734.0,0.0,0.0,10734.0,3339.0,0.0,0.0,3339.0,0.7627371562566617,0.7627371562566617,,,1469.0,0.0,0.0,1469.0,460.0,1929.0,509.0,153.0,2026-06-01
RTD,NHS England North East And Yorkshire,The Newcastle Upon Tyne Hospitals NHS Foundation Trust,12086.0,1843.0,9845.0,23774.0,6844.0,1702.0,9700.0,18246.0,5242.0,141.0,145.0,5528.0,0.7674770757970892,0.5662750289591263,0.9234943027672273,0.9852717115286947,3911.0,28.0,0.0,3939.0,3067.0,7006.0,533.0,20.0,2026-06-01
RTE,NHS England South West,Gloucestershire Hospitals NHS Foundation Trust,14616.0,0.0,0.0,14616.0,9109.0,0.0,0.0,9109.0,5507.0,0.0,0.0,5507.0,0.6232211275314724,0.6232211275314724,,,2457.0,0.0,0.0,2457.0,3054.0,5511.0,785.0,472.0,2026-06-01
RTF,NHS England North East And Yorkshire,Northumbria Healthcare NHS Foundation Trust,10864.0,0.0,14483.0,25347.0,8642.0,0.0,14483.0,23125.0,2222.0,0.0,0.0,2222.0,0.9123367656921924,0.7954712812960235,,1.0,4737.0,0.0,15.0,4752.0,521.0,5273.0,2.0,0.0,2026-06-01
RTG,NHS England Midlands,University Hospitals Of Derby And Burton NHS Foundation Trust,24291.0,0.0,9537.0,33828.0,13870.0,0.0,9523.0,23393.0,10421.0,0.0,14.0,10435.0,0.6915277285089275,0.5709933720307933,,0.9985320331341092,3970.0,0.0,0.0,3970.0,1909.0,5879.0,1707.0,493.0,2026-06-01
RTH,NHS England South East,Oxford University Hospitals NHS Foundation Trust,14836.0,1478.0,3842.0,20156.0,10503.0,1478.0,3724.0,15705.0,4333.0,0.0,118.0,4451.0,0.7791724548521533,0.7079401455918037,1.0,0.9692868297761582,5446.0,100.0,26.0,5572.0,4220.0,9792.0,355.0,8.0,2026-06-01
RTK,NHS England South East,Ashford And St Peter's Hospitals NHS Foundation Trust,7804.0,0.0,2836.0,10640.0,4376.0,0.0,2714.0,7090.0,3428.0,0.0,122.0,3550.0,0.6663533834586466,0.5607380830343414,,0.9569816643159379,2418.0,0.0,0.0,2418.0,543.0,2961.0,970.0,409.0,2026-06-01
RTP,NHS England South East,Surrey And Sussex Healthcare NHS Trust,10249.0,0.0,0.0,10249.0,5856.0,0.0,0.0,5856.0,4393.0,0.0,0.0,4393.0,0.5713728168601815,0.5713728168601815,,,3157.0,0.0,0.0,3157.0,931.0,4088.0,1115.0,606.0,2026-06-01
RTQ,NHS England South West,Gloucestershire Health And Care NHS Foundation Trust,0.0,0.0,8750.0,8750.0,0.0,0.0,8404.0,8404.0,0.0,0.0,346.0,346.0,0.9604571428571429,,,0.9604571428571429,0.0,0.0,0.0,0.0,47.0,47.0,0.0,0.0,2026-06-01
RTR,NHS England North East And Yorkshire,South Tees Hospitals NHS Foundation Trust,7724.0,0.0,11967.0,19691.0,3990.0,0.0,11451.0,15441.0,3734.0,0.0,516.0,4250.0,0.7841653547305876,0.5165717244950803,,0.9568814239157684,2371.0,0.0,410.0,2781.0,2470.0,5251.0,132.0,3.0,2026-06-01
RTX,NHS England North West,University Hospitals Of Morecambe Bay NHS Foundation Trust,9350.0,0.0,5082.0,14432.0,5121.0,0.0,4979.0,10100.0,4229.0,0.0,103.0,4332.0,0.6998337028824834,0.5477005347593583,,0.9797323888232979,3199.0,0.0,16.0,3215.0,935.0,4150.0,1503.0,703.0,2026-06-01
RV9,NHS England North East And Yorkshire,Humber Teaching NHS Foundation Trust,0.0,0.0,1200.0,1200.0,0.0,0.0,1196.0,1196.0,0.0,0.0,4.0,4.0,0.9966666666666667,,,0.9966666666666667,0.0,0.0,0.0,0.0,0.0,0.0,0.0,0.0,2026-06-01
RVJ,NHS England South West,North Bristol NHS Trust,9801.0,0.0,0.0,9801.0,5619.0,0.0,0.0,5619.0,4182.0,0.0,0.0,4182.0,0.5733088460361188,0.5733088460361188,,,3053.0,0.0,0.0,3053.0,2386.0,5439.0,1044.0,554.0,2026-06-01
RVR,NHS England London,Epsom And St Helier University Hospitals NHS Trust,10603.0,0.0,3257.0,13860.0,6695.0,0.0,2717.0,9412.0,3908.0,0.0,540.0,4448.0,0.6790764790764791,0.6314250683768745,,0.8342032545287074,1981.0,0.0,0.0,1981.0,254.0,2235.0,1308.0,758.0,2026-06-01
RVV,NHS England South East,East Kent Hospitals University NHS Foundation Trust,14049.0,0.0,13383.0,27432.0,7922.0,0.0,12736.0,20658.0,6127.0,0.0,647.0,6774.0,0.7530621172353456,0.5638835504306356,,0.9516550848090861,3202.0,0.0,599.0,3801.0,520.0,4321.0,1773.0,1059.0,2026-06-01
RVW,NHS England North East And Yorkshire,North Tees And Hartlepool NHS Foundation Trust,5083.0,0.0,11454.0,16537.0,2609.0,0.0,11442.0,14051.0,2474.0,0.0,12.0,2486.0,0.8496704359920179,0.513279559315365,,0.998952331063384,1673.0,0.0,491.0,2164.0,2444.0,4608.0,108.0,5.0,2026-06-01
RW1,NHS England South East,Hampshire And Isle Of Wight Healthcare NHS Foundation Trust,0.0,0.0,2994.0,2994.0,0.0,0.0,2916.0,2916.0,0.0,0.0,78.0,78.0,0.9739478957915831,,,0.9739478957915831,0.0,0.0,0.0,0.0,122.0,122.0,0.0,0.0,2026-06-01
RW4,NHS England North West,Mersey Care NHS Foundation Trust,0.0,0.0,13989.0,13989.0,0.0,0.0,13634.0,13634.0,0.0,0.0,355.0,355.0,0.9746229180070055,,,0.9746229180070055,0.0,0.0,0.0,0.0,34.0,34.0,0.0,0.0,2026-06-01
RWA,NHS England North East And Yorkshire,Hull University Teaching Hospitals NHS Trust,10403.0,0.0,4169.0,14572.0,4874.0,0.0,3665.0,8539.0,5529.0,0.0,504.0,6033.0,0.5859868240461158,0.4685186965298472,,0.8791076996881746,3751.0,0.0,0.0,3751.0,2118.0,5869.0,1358.0,476.0,2026-06-01
RWD,NHS England Midlands,United Lincolnshire Teaching Hospitals NHS Trust,17123.0,0.0,4321.0,21444.0,11887.0,0.0,3922.0,15809.0,5236.0,0.0,399.0,5635.0,0.7372225331094945,0.6942124627693745,,0.9076602638278176,4706.0,0.0,0.0,4706.0,1265.0,5971.0,1724.0,1034.0,2026-06-01
RWE,NHS England Midlands,University Hospitals Of Leicester NHS Trust,23347.0,2312.0,0.0,25659.0,14366.0,2175.0,0.0,16541.0,8981.0,137.0,0.0,9118.0,0.6446471023812308,0.615325309461601,0.9407439446366782,,6663.0,3.0,0.0,6666.0,3636.0,10302.0,1945.0,831.0,2026-06-01
RWF,NHS England South East,Maidstone And Tunbridge Wells NHS Trust,19815.0,0.0,2081.0,21896.0,15315.0,0.0,2056.0,17371.0,4500.0,0.0,25.0,4525.0,0.7933412495432955,0.7728993186979561,,0.987986544930322,2301.0,0.0,0.0,2301.0,667.0,2968.0,1110.0,163.0,2026-06-01
RWG,NHS England East Of England,West Hertfordshire Teaching Hospitals NHS Trust,8135.0,0.0,9130.0,17265.0,6113.0,0.0,9080.0,15193.0,2022.0,0.0,50.0,2072.0,0.8799884158702578,0.7514443761524278,,0.9945235487404163,5087.0,0.0,0.0,5087.0,562.0,5649.0,573.0,24.0,2026-06-01
RWH,NHS England East Of England,East And North Hertfordshire Teaching NHS Trust,9108.0,0.0,8786.0,17894.0,4824.0,0.0,8712.0,13536.0,4284.0,0.0,74.0,4358.0,0.756454677545546,0.5296442687747036,,0.9915775096744821,2149.0,0.0,3.0,2152.0,410.0,2562.0,572.0,170.0,2026-06-01
RWJ,NHS England North West,Stockport NHS Foundation Trust,8768.0,0.0,2372.0,11140.0,5255.0,0.0,2332.0,7587.0,3513.0,0.0,40.0,3553.0,0.6810592459605027,0.599338503649635,,0.9831365935919055,2638.0,0.0,49.0,2687.0,957.0,3644.0,797.0,210.0,2026-06-01
RWP,NHS England Midlands,Worcestershire Acute Hospitals NHS Trust,15007.0,0.0,6619.0,21626.0,8306.0,0.0,6503.0,14809.0,6701.0,0.0,116.0,6817.0,0.6847775825395357,0.5534750449790098,,0.9824746940625472,3189.0,0.0,0.0,3189.0,887.0,4076.0,2009.0,689.0,2026-06-01
RWW,NHS England North West,North Cheshire And Mersey NHS Foundation Trust,7381.0,0.0,6588.0,13969.0,4060.0,0.0,6460.0,10520.0,3321.0,0.0,128.0,3449.0,0.7530961414560813,0.5500609673485978,,0.9805707346690953,1895.0,0.0,0.0,1895.0,131.0,2026.0,1406.0,916.0,2026-06-01
RWX,NHS England South East,Berkshire Healthcare NHS Foundation Trust,0.0,0.0,1604.0,1604.0,0.0,0.0,1583.0,1583.0,0.0,0.0,21.0,21.0,0.9869077306733167,,,0.9869077306733167,0.0,0.0,42.0,42.0,0.0,42.0,0.0,0.0,2026-06-01
RWY,NHS England North East And Yorkshire,Calderdale And Huddersfield NHS Foundation Trust,16902.0,0.0,0.0,16902.0,14682.0,0.0,0.0,14682.0,2220.0,0.0,0.0,2220.0,0.8686545970891019,0.8686545970891019,,,2975.0,0.0,0.0,2975.0,191.0,3166.0,978.0,11.0,2026-06-01
RX1,NHS England Midlands,Nottingham University Hospitals NHS Trust,12935.0,2218.0,10090.0,25243.0,5573.0,2096.0,9208.0,16877.0,7362.0,122.0,882.0,8366.0,0.668581388899893,0.4308465403942791,0.9449954914337241,0.9125867195242815,3041.0,0.0,1604.0,4645.0,4212.0,8857.0,1222.0,1067.0,2026-06-01
RXC,NHS England South East,East Sussex Healthcare NHS Trust,11837.0,0.0,3901.0,15738.0,7931.0,0.0,3844.0,11775.0,3906.0,0.0,57.0,3963.0,0.7481890964544414,0.6700177409816677,,0.9853883619584722,2600.0,0.0,0.0,2600.0,442.0,3042.0,467.0,231.0,2026-06-01
RXF,NHS England North East And Yorkshire,Mid Yorkshire Teaching NHS Trust,17751.0,123.0,6753.0,24627.0,11111.0,123.0,6557.0,17791.0,6640.0,0.0,196.0,6836.0,0.7224184837779672,0.6259365669539744,1.0,0.9709758625795942,3379.0,0.0,163.0,3542.0,885.0,4427.0,2069.0,274.0,2026-06-01
RXG,NHS England North East And Yorkshire,South West Yorkshire Partnership NHS Foundation Trust,0.0,0.0,0.0,0.0,0.0,0.0,0.0,0.0,0.0,0.0,0.0,0.0,,,,,0.0,0.0,0.0,0.0,143.0,143.0,0.0,0.0,2026-06-01
RXK,NHS England Midlands,Sandwell And West Birmingham Hospitals NHS Trust,11981.0,1033.0,8408.0,21422.0,6711.0,813.0,8185.0,15709.0,5270.0,220.0,223.0,5713.0,0.7333115488749883,0.5601368833987146,0.78702807357212,0.9734776403425309,2650.0,0.0,21.0,2671.0,95.0,2766.0,950.0,231.0,2026-06-01
RXL,NHS England North West,Blackpool Teaching Hospitals NHS Foundation Trust,9174.0,0.0,9864.0,19038.0,4998.0,0.0,9701.0,14699.0,4176.0,0.0,163.0,4339.0,0.7720874041390903,0.5448005232177894,,0.9834752635847527,1826.0,0.0,0.0,1826.0,2506.0,4332.0,1146.0,313.0,2026-06-01
RXN,NHS England North West,Lancashire Teaching Hospitals NHS Foundation Trust,13060.0,0.0,3388.0,16448.0,8851.0,0.0,3193.0,12044.0,4209.0,0.0,195.0,4404.0,0.7322470817120622,0.6777182235834609,,0.942443919716647,2946.0,0.0,101.0,3047.0,1228.0,4275.0,1354.0,336.0,2026-06-01
RXP,NHS England North East And Yorkshire,County Durham And Darlington NHS Foundation Trust,13012.0,0.0,11250.0,24262.0,7050.0,0.0,11250.0,18300.0,5962.0,0.0,0.0,5962.0,0.7542659302613139,0.5418075622502305,,1.0,3520.0,0.0,0.0,3520.0,894.0,4414.0,1761.0,31.0,2026-06-01
RXQ,NHS England South East,Buckinghamshire Healthcare NHS Trust,10093.0,1289.0,3124.0,14506.0,6167.0,1289.0,2993.0,10449.0,3926.0,0.0,131.0,4057.0,0.7203226251206397,0.6110175369067671,1.0,0.958066581306018,3437.0,954.0,0.0,4391.0,1289.0,5680.0,485.0,263.0,2026-06-01
RXR,NHS England North West,East Lancashire Hospitals NHS Trust,14344.0,0.0,12033.0,26377.0,9519.0,0.0,11055.0,20574.0,4825.0,0.0,978.0,5803.0,0.7799977252909732,0.663622420524261,,0.918723510346547,3991.0,0.0,86.0,4077.0,2111.0,6188.0,1087.0,755.0,2026-06-01
RXW,NHS England Midlands,The Shrewsbury And Telford Hospital NHS Trust,11834.0,0.0,2553.0,14387.0,5185.0,0.0,2240.0,7425.0,6649.0,0.0,313.0,6962.0,0.5160909154097449,0.4381443298969072,,0.8773991382687035,3597.0,0.0,198.0,3795.0,2182.0,5977.0,1856.0,1171.0,2026-06-01
RY4,NHS England East Of England,Hertfordshire Community NHS Trust,0.0,0.0,1307.0,1307.0,0.0,0.0,1199.0,1199.0,0.0,0.0,108.0,108.0,0.9173680183626626,,,0.9173680183626626,0.0,0.0,0.0,0.0,0.0,0.0,0.0,0.0,2026-06-01
RY5,NHS England Midlands,Lincolnshire Community Health Services NHS Trust,0.0,0.0,8822.0,8822.0,0.0,0.0,8667.0,8667.0,0.0,0.0,155.0,155.0,0.9824302879165722,,,0.9824302879165722,0.0,0.0,0.0,0.0,0.0,0.0,0.0,0.0,2026-06-01
RY7,NHS England North West,Wirral Community Health And Care NHS Foundation Trust,0.0,0.0,4049.0,4049.0,0.0,0.0,3765.0,3765.0,0.0,0.0,284.0,284.0,0.9298592244998765,,,0.9298592244998765,0.0,0.0,0.0,0.0,0.0,0.0,0.0,0.0,2026-06-01
RY8,NHS England Midlands,Derbyshire Community Health Services NHS Foundation Trust,0.0,0.0,8811.0,8811.0,0.0,0.0,8476.0,8476.0,0.0,0.0,335.0,335.0,0.961979344001816,,,0.961979344001816,0.0,0.0,0.0,0.0,0.0,0.0,0.0,0.0,2026-06-01
RYF,NHS England South West,South Western Ambulance Service NHS Foundation Trust,0.0,0.0,2210.0,2210.0,0.0,0.0,2135.0,2135.0,0.0,0.0,75.0,75.0,0.9660633484162896,,,0.9660633484162896,0.0,0.0,0.0,0.0,0.0,0.0,0.0,0.0,2026-06-01
RYG,NHS England Midlands,Coventry And Warwickshire Partnership NHS Trust,0.0,0.0,0.0,0.0,0.0,0.0,0.0,0.0,0.0,0.0,0.0,0.0,,,,,0.0,0.0,3.0,3.0,32.0,35.0,0.0,0.0,2026-06-01
RYJ,NHS England London,Imperial College Healthcare NHS Trust,12478.0,4116.0,8196.0,24790.0,7300.0,4088.0,7755.0,19143.0,5178.0,28.0,441.0,5647.0,0.7722065348931021,0.5850296521878506,0.9931972789115646,0.9461932650073206,3791.0,0.0,0.0,3791.0,1022.0,4813.0,570.0,0.0,2026-06-01
RYR,NHS England South East,University Hospitals Sussex NHS Foundation Trust,29995.0,1621.0,2024.0,33640.0,18256.0,1488.0,1857.0,21601.0,11739.0,133.0,167.0,12039.0,0.6421224732461356,0.608634772462077,0.917951881554596,0.9174901185770751,8543.0,22.0,16.0,8581.0,1717.0,10298.0,1654.0,922.0,2026-06-01
RYX,NHS England London,Central London Community Healthcare NHS Trust,0.0,0.0,14043.0,14043.0,0.0,0.0,13765.0,13765.0,0.0,0.0,278.0,278.0,0.9802036601865698,,,0.9802036601865698,0.0,0.0,0.0,0.0,0.0,0.0,0.0,0.0,2026-06-01
RYY,NHS England South East,Kent Community Health NHS Foundation Trust,0.0,0.0,6625.0,6625.0,0.0,0.0,6582.0,6582.0,0.0,0.0,43.0,43.0,0.9935094339622641,,,0.9935094339622641,0.0,0.0,0.0,0.0,0.0,0.0,0.0,0.0,2026-06-01
Y02428,NHS England East Of England,Putnoe Walk In Centre,0.0,0.0,2242.0,2242.0,0.0,0.0,2242.0,2242.0,0.0,0.0,0.0,0.0,1.0,,,1.0,0.0,0.0,0.0,0.0,0.0,0.0,0.0,0.0,2026-06-01
Y02532,NHS England North West,Miriam Minor Emergency,0.0,0.0,1578.0,1578.0,0.0,0.0,1578.0,1578.0,0.0,0.0,0.0,0.0,1.0,,,1.0,0.0,0.0,0.0,0.0,0.0,0.0,0.0,0.0,2026-06-01
Y02676,NHS England South East,Brighton Station Health Centre,0.0,0.0,1762.0,1762.0,0.0,0.0,1762.0,1762.0,0.0,0.0,0.0,0.0,1.0,,,1.0,0.0,0.0,0.0,0.0,0.0,0.0,0.0,0.0,2026-06-01
AAH,NHS England South West,Tetbury Hospital Trust Ltd,0.0,0.0,791.0,791.0,0.0,0.0,791.0,791.0,0.0,0.0,0.0,0.0,1.0,,,1.0,0.0,0.0,0.0,0.0,0.0,0.0,0.0,0.0,2026-07-01
ACH01,NHS England South East,Whitstable Medical Practice,0.0,0.0,5197.0,5197.0,0.0,0.0,5197.0,5197.0,0.0,0.0,0.0,0.0,1.0,,,1.0,0.0,0.0,0.0,0.0,0.0,0.0,0.0,0.0,2026-07-01
AD913,NHS England London,Beckenham Beacon Ucc,0.0,0.0,3880.0,3880.0,0.0,0.0,3829.0,3829.0,0.0,0.0,51.0,51.0,0.9868556701030928,,,0.9868556701030928,0.0,0.0,0.0,0.0,0.0,0.0,0.0,0.0,2026-07-01
AJN,NHS England North East And Yorkshire,Workington Health Limited,0.0,0.0,537.0,537.0,0.0,0.0,537.0,537.0,0.0,0.0,0.0,0.0,1.0,,,1.0,0.0,0.0,0.0,0.0,0.0,0.0,0.0,0.0,2026-07-01
AQM01,NHS England South East,Faversham Medical Practice Miu,0.0,0.0,3086.0,3086.0,0.0,0.0,3086.0,3086.0,0.0,0.0,0.0,0.0,1.0,,,1.0,0.0,0.0,0.0,0.0,0.0,0.0,0.0,0.0,2026-07-01
AQN04,NHS England South East,Phl Lymington Utc,0.0,0.0,3705.0,3705.0,0.0,0.0,3447.0,3447.0,0.0,0.0,258.0,258.0,0.9303643724696357,,,0.9303643724696357,0.0,0.0,0.0,0.0,0.0,0.0,0.0,0.0,2026-07-01
ARN03,NHS England North East And Yorkshire,Local Care Direct,0.0,0.0,2513.0,2513.0,0.0,0.0,2513.0,2513.0,0.0,0.0,0.0,0.0,1.0,,,1.0,0.0,0.0,0.0,0.0,0.0,0.0,0.0,0.0,2026-07-01
C82009,NHS England Midlands,Market Harborough Med.Ctr,0.0,0.0,404.0,404.0,0.0,0.0,404.0,404.0,0.0,0.0,0.0,0.0,1.0,,,1.0,0.0,0.0,0.0,0.0,0.0,0.0,0.0,0.0,2026-07-01
C82038,NHS England Midlands,Latham House Medical Practice,0.0,0.0,437.0,437.0,0.0,0.0,437.0,437.0,0.0,0.0,0.0,0.0,1.0,,,1.0,0.0,0.0,0.0,0.0,0.0,0.0,0.0,0.0,2026-07-01
C83023,NHS England Midlands,Sleaford Medical Group,0.0,0.0,468.0,468.0,0.0,0.0,468.0,468.0,0.0,0.0,0.0,0.0,1.0,,,1.0,0.0,0.0,0.0,0.0,10.0,10.0,0.0,0.0,2026-07-01
DJV01,NHS England South East,Herne Bay Health Care Ltd,0.0,0.0,2737.0,2737.0,0.0,0.0,2737.0,2737.0,0.0,0.0,0.0,0.0,1.0,,,1.0,0.0,0.0,0.0,0.0,0.0,0.0,0.0,0.0,2026-07-01
DT301,NHS England East Of England,Herts Urgent Care (Ascots Lane),0.0,0.0,2249.0,2249.0,0.0,0.0,2140.0,2140.0,0.0,0.0,109.0,109.0,0.9515340151178302,,,0.9515340151178302,0.0,0.0,0.0,0.0,0.0,0.0,0.0,0.0,2026-07-01
G0Q0L,NHS England London,Barking Hospital Utc,0.0,0.0,2768.0,2768.0,0.0,0.0,2719.0,2719.0,0.0,0.0,49.0,49.0,0.9822976878612717,,,0.9822976878612717,0.0,0.0,0.0,0.0,0.0,0.0,0.0,0.0,2026-07-01
G3P9C,NHS England South West,Trowbridge Minor Injuries Unit,0.0,0.0,1789.0,1789.0,0.0,0.0,1770.0,1770.0,0.0,0.0,19.0,19.0,0.9893795416433762,,,0.9893795416433762,0.0,0.0,0.0,0.0,0.0,0.0,0.0,0.0,2026-07-01
K6K0R,NHS England London,Harold Wood Polyclinic Utc,0.0,0.0,2804.0,2804.0,0.0,0.0,2754.0,2754.0,0.0,0.0,50.0,50.0,0.9821683309557775,,,0.9821683309557775,0.0,0.0,0.0,0.0,0.0,0.0,0.0,0.0,2026-07-01
L83087,NHS England South West,Okehampton Medical Centre,0.0,0.0,109.0,109.0,0.0,0.0,109.0,109.0,0.0,0.0,0.0,0.0,1.0,,,1.0,0.0,0.0,0.0,0.0,0.0,0.0,0.0,0.0,2026-07-01
NDJ,NHS England South East,First Community Health And Care Cic,0.0,0.0,2637.0,2637.0,0.0,0.0,2564.0,2564.0,0.0,0.0,73.0,73.0,0.9723170269245355,,,0.9723170269245355,0.0,0.0,0.0,0.0,0.0,0.0,0.0,0.0,2026-07-01
NLX,NHS England South West,Sirona Care & Health,0.0,0.0,10574.0,10574.0,0.0,0.0,10018.0,10018.0,0.0,0.0,556.0,556.0,0.9474181955740496,,,0.9474181955740496,0.0,0.0,0.0,0.0,0.0,0.0,0.0,0.0,2026-07-01
NNF09,NHS England North East And Yorkshire,Bransholme Health Centre,0.0,0.0,3689.0,3689.0,0.0,0.0,3093.0,3093.0,0.0,0.0,596.0,596.0,0.8384386012469504,,,0.8384386012469504,0.0,0.0,0.0,0.0,0.0,0.0,0.0,0.0,2026-07-01
NNF16,NHS England North East And Yorkshire,Bridlington Hospital,0.0,0.0,1756.0,1756.0,0.0,0.0,1642.0,1642.0,0.0,0.0,114.0,114.0,0.9350797266514806,,,0.9350797266514806,0.0,0.0,0.0,0.0,0.0,0.0,0.0,0.0,2026-07-01
NNF94,NHS England North East And Yorkshire,East Riding Community Hospital,0.0,0.0,3279.0,3279.0,0.0,0.0,3055.0,3055.0,0.0,0.0,224.0,224.0,0.9316864897834706,,,0.9316864897834706,0.0,0.0,0.0,0.0,0.0,0.0,0.0,0.0,2026-07-01
NNFA7,NHS England North East And Yorkshire,Goole & District Hospital,0.0,0.0,1799.0,1799.0,0.0,0.0,1786.0,1786.0,0.0,0.0,13.0,13.0,0.9927737632017788,,,0.9927737632017788,0.0,0.0,0.0,0.0,0.0,0.0,0.0,0.0,2026-07-01
NNJ,NHS England Midlands,Dhu Health Care C.I.C,0.0,0.0,1936.0,1936.0,0.0,0.0,1935.0,1935.0,0.0,0.0,1.0,1.0,0.9994834710743802,,,0.9994834710743802,0.0,0.0,0.0,0.0,0.0,0.0,0.0,0.0,2026-07-01
NNJ07,NHS England Midlands,Loughborough Urgent Care Centre,0.0,0.0,7361.0,7361.0,0.0,0.0,7321.0,7321.0,0.0,0.0,40.0,40.0,0.994565955712539,,,0.994565955712539,0.0,0.0,0.0,0.0,0.0,0.0,0.0,0.0,2026-07-01
NNJ0H,NHS England Midlands,Llr Ea - The Merlyn Vaz Health & Social Care Centre,0.0,0.0,2545.0,2545.0,0.0,0.0,2540.0,2540.0,0.0,0.0,5.0,5.0,0.9980353634577603,,,0.9980353634577603,0.0,0.0,0.0,0.0,0.0,0.0,0.0,0.0,2026-07-01
NNJ10,NHS England Midlands,Enderby Leisure Centre,0.0,0.0,317.0,317.0,0.0,0.0,317.0,317.0,0.0,0.0,0.0,0.0,1.0,,,1.0,0.0,0.0,0.0,0.0,0.0,0.0,0.0,0.0,2026-07-01
NNJ11,NHS England Midlands,Lutterworth Hospital,0.0,0.0,134.0,134.0,0.0,0.0,134.0,134.0,0.0,0.0,0.0,0.0,1.0,,,1.0,0.0,0.0,0.0,0.0,0.0,0.0,0.0,0.0,2026-07-01
NNJ12,NHS England Midlands,Market Harborough,0.0,0.0,263.0,263.0,0.0,0.0,263.0,263.0,0.0,0.0,0.0,0.0,1.0,,,1.0,0.0,0.0,0.0,0.0,0.0,0.0,0.0,0.0,2026-07-01
NNJ13,NHS England Midlands,Melton Mowbray,0.0,0.0,371.0,371.0,0.0,0.0,371.0,371.0,0.0,0.0,0.0,0.0,1.0,,,1.0,0.0,0.0,0.0,0.0,0.0,0.0,0.0,0.0,2026-07-01
NNJ14,NHS England Midlands,Oadby,0.0,0.0,3988.0,3988.0,0.0,0.0,3985.0,3985.0,0.0,0.0,3.0,3.0,0.9992477432296891,,,0.9992477432296891,0.0,0.0,0.0,0.0,0.0,0.0,0.0,0.0,2026-07-01
NNJ15,NHS England Midlands,Rutland Minor Illness And Injury Service (Formerly Wlhh Pre-April 2026),0.0,0.0,635.0,635.0,0.0,0.0,634.0,634.0,0.0,0.0,1.0,1.0,0.9984251968503937,,,0.9984251968503937,0.0,0.0,0.0,0.0,0.0,0.0,0.0,0.0,2026-07-01
NQT1I,NHS England South West,Chippenham Community Hospital,0.0,0.0,1932.0,1932.0,0.0,0.0,1854.0,1854.0,0.0,0.0,78.0,78.0,0.9596273291925466,,,0.9596273291925466,0.0,0.0,0.0,0.0,0.0,0.0,0.0,0.0,2026-07-01
NQT5F,NHS England North West,Skelmersdale Walk In Centre,0.0,0.0,1661.0,1661.0,0.0,0.0,1642.0,1642.0,0.0,0.0,19.0,19.0,0.9885611077664058,,,0.9885611077664058,0.0,0.0,0.0,0.0,0.0,0.0,0.0,0.0,2026-07-01
NQT5H,NHS England South West,Paulton Memorial Hospital,0.0,0.0,1528.0,1528.0,0.0,0.0,1524.0,1524.0,0.0,0.0,4.0,4.0,0.9973821989528796,,,0.9973821989528796,0.0,0.0,0.0,0.0,0.0,0.0,0.0,0.0,2026-07-01
NTP11,NHS England South East,Practice Plus Group Hospital - Southampton,0.0,0.0,5636.0,5636.0,0.0,0.0,5480.0,5480.0,0.0,0.0,156.0,156.0,0.9723207948899929,,,0.9723207948899929,0.0,0.0,0.0,0.0,0.0,0.0,0.0,0.0,2026-07-01
NTPAD,NHS England South East,Practice Plus Group Surgical Centre - St Marys Portsmouth,0.0,0.0,5665.0,5665.0,0.0,0.0,5465.0,5465.0,0.0,0.0,200.0,200.0,0.9646954986760812,,,0.9646954986760812,0.0,0.0,0.0,0.0,0.0,0.0,0.0,0.0,2026-07-01
NTV0B,NHS England South East,Ashford Walk-In-Centre,0.0,0.0,2527.0,2527.0,0.0,0.0,2482.0,2482.0,0.0,0.0,45.0,45.0,0.9821923229125445,,,0.9821923229125445,0.0,0.0,0.0,0.0,0.0,0.0,0.0,0.0,2026-07-01
NTV0W,NHS England South East,Woking Walk In Centre,0.0,0.0,2888.0,2888.0,0.0,0.0,2797.0,2797.0,0.0,0.0,91.0,91.0,0.9684903047091413,,,0.9684903047091413,0.0,0.0,0.0,0.0,0.0,0.0,0.0,0.0,2026-07-01
NV693,NHS England North West,Rossendale Miu & Ooh,0.0,0.0,1223.0,1223.0,0.0,0.0,1221.0,1221.0,0.0,0.0,2.0,2.0,0.9983646770237122,,,0.9983646770237122,0.0,0.0,0.0,0.0,0.0,0.0,0.0,0.0,2026-07-01
NVE43,NHS England South East,Hastings GP Led Health Centre,0.0,0.0,1224.0,1224.0,0.0,0.0,1224.0,1224.0,0.0,0.0,0.0,0.0,1.0,,,1.0,0.0,0.0,0.0,0.0,0.0,0.0,0.0,0.0,2026-07-01
R0A,NHS England North West,Manchester University NHS Foundation Trust,30752.0,3992.0,12908.0,47652.0,19695.0,3790.0,12647.0,36132.0,11057.0,202.0,261.0,11520.0,0.7582472928733317,0.6404461498439126,0.9493987975951904,0.9797799814068795,5854.0,124.0,98.0,6076.0,485.0,6561.0,3010.0,86.0,2026-07-01
R0B,NHS England North East And Yorkshire,South Tyneside And Sunderland NHS Foundation Trust,12904.0,1534.0,7899.0,22337.0,8091.0,1506.0,7621.0,17218.0,4813.0,28.0,278.0,5119.0,0.7708286699198639,0.6270148791072536,0.9817470664928292,0.9648056716040005,4886.0,36.0,0.0,4922.0,1371.0,6293.0,163.0,0.0,2026-07-01
R0D,NHS England South West,University Hospitals Dorset NHS Foundation Trust,16317.0,0.0,4682.0,20999.0,10486.0,0.0,4682.0,15168.0,5831.0,0.0,0.0,5831.0,0.7223201104814515,0.6426426426426426,,1.0,4327.0,0.0,0.0,4327.0,2744.0,7071.0,1325.0,373.0,2026-07-01
R1D,NHS England Midlands,Shropshire Community Health NHS Trust,0.0,0.0,4125.0,4125.0,0.0,0.0,4056.0,4056.0,0.0,0.0,69.0,69.0,0.9832727272727273,,,0.9832727272727273,0.0,0.0,0.0,0.0,0.0,0.0,0.0,0.0,2026-07-01
R1F,NHS England South East,Isle Of Wight NHS Trust,4593.0,235.0,1910.0,6738.0,3145.0,235.0,1880.0,5260.0,1448.0,0.0,30.0,1478.0,0.7806470762837637,0.6847376442412366,1.0,0.9842931937172775,1490.0,0.0,0.0,1490.0,96.0,1586.0,394.0,121.0,2026-07-01
R1H,NHS England London,Barts Health NHS Trust,27454.0,946.0,19180.0,47580.0,17066.0,942.0,17009.0,35017.0,10388.0,4.0,2171.0,12563.0,0.7359604875998319,0.6216216216216216,0.9957716701902748,0.8868091762252346,4083.0,0.0,36.0,4119.0,1378.0,5497.0,2238.0,1169.0,2026-07-01
R1K,NHS England London,London North West University Healthcare NHS Trust,14527.0,0.0,16522.0,31049.0,7598.0,0.0,16278.0,23876.0,6929.0,0.0,244.0,7173.0,0.7689780669264711,0.5230260893508639,,0.9852318121292821,6516.0,0.0,0.0,6516.0,131.0,6647.0,1042.0,413.0,2026-07-01
RA2,NHS England South East,Royal Surrey NHS Foundation Trust,7898.0,0.0,2719.0,10617.0,5622.0,0.0,2719.0,8341.0,2276.0,0.0,0.0,2276.0,0.7856268249034567,0.7118257786781463,,1.0,2393.0,0.0,0.0,2393.0,921.0,3314.0,299.0,0.0,2026-07-01
RA7,NHS England South West,Bristol NHS Foundation Trust,26582.0,2543.0,0.0,29125.0,17527.0,2338.0,0.0,19865.0,9055.0,205.0,0.0,9260.0,0.6820600858369099,0.6593559551576255,0.9193865513173417,,8580.0,5.0,0.0,8585.0,3978.0,12563.0,2098.0,682.0,2026-07-01
RA9,NHS England South West,Torbay And South Devon NHS Foundation Trust,7348.0,0.0,4150.0,11498.0,3628.0,0.0,3724.0,7352.0,3720.0,0.0,426.0,4146.0,0.639415550530527,0.49373979314099076,,0.8973493975903615,1651.0,0.0,10.0,1661.0,534.0,2195.0,497.0,164.0,2026-07-01
RAE,NHS England North East And Yorkshire,Bradford Teaching Hospitals NHS Foundation Trust,9350.0,1046.0,3873.0,14269.0,6648.0,1046.0,3866.0,11560.0,2702.0,0.0,7.0,2709.0,0.8101478730114233,0.7110160427807487,1.0,0.9981926155435064,2619.0,0.0,10.0,2629.0,1304.0,3933.0,856.0,143.0,2026-07-01
RAJ,NHS England East Of England,Mid And South Essex NHS Foundation Trust,28885.0,0.0,8211.0,37096.0,18116.0,0.0,8054.0,26170.0,10769.0,0.0,157.0,10926.0,0.7054668967004529,0.6271767353297559,,0.9808793082450371,9259.0,0.0,139.0,9398.0,1262.0,10660.0,3305.0,1203.0,2026-07-01
RAL,NHS England London,Royal Free London NHS Foundation Trust,26761.0,606.0,17334.0,44701.0,18817.0,598.0,16502.0,35917.0,7944.0,8.0,832.0,8784.0,0.8034943289859288,0.7031501064982624,0.9867986798679867,0.952001846082843,6225.0,1.0,115.0,6341.0,736.0,7077.0,2807.0,1996.0,2026-07-01
RAN,NHS England London,Royal National Orthopaedic Hospital NHS Trust,0.0,0.0,0.0,0.0,0.0,0.0,0.0,0.0,0.0,0.0,0.0,0.0,,,,,0.0,0.0,0.0,0.0,29.0,29.0,0.0,0.0,2026-07-01
RAS,NHS England London,The Hillingdon Hospitals NHS Foundation Trust,5639.0,0.0,7155.0,12794.0,3332.0,0.0,7051.0,10383.0,2307.0,0.0,104.0,2411.0,0.8115522901360013,0.5908849086717504,,0.9854647099930118,1806.0,0.0,0.0,1806.0,62.0,1868.0,560.0,27.0,2026-07-01
RAT,NHS England London,North East London NHS Foundation Trust,0.0,0.0,1751.0,1751.0,0.0,0.0,1693.0,1693.0,0.0,0.0,58.0,58.0,0.9668760708166761,,,0.9668760708166761,0.0,0.0,0.0,0.0,0.0,0.0,0.0,0.0,2026-07-01
RAX,NHS England London,Kingston And Richmond NHS Foundation Trust,7230.0,0.0,8640.0,15870.0,3402.0,0.0,8312.0,11714.0,3828.0,0.0,328.0,4156.0,0.738122243226213,0.4705394190871369,,0.962037037037037,2701.0,0.0,176.0,2877.0,703.0,3580.0,693.0,381.0,2026-07-01
RBD,NHS England South West,Dorset County Hospital NHS Foundation Trust,5592.0,0.0,4983.0,10575.0,3402.0,0.0,4980.0,8382.0,2190.0,0.0,3.0,2193.0,0.7926241134751772,0.6083690987124464,,0.9993979530403372,2146.0,0.0,0.0,2146.0,604.0,2750.0,250.0,45.0,2026-07-01
RBK,NHS England Midlands,Walsall Healthcare NHS Trust,10476.0,0.0,4348.0,14824.0,7553.0,0.0,4319.0,11872.0,2923.0,0.0,29.0,2952.0,0.8008634646519158,0.7209812905689195,,0.9933302667893285,4400.0,0.0,0.0,4400.0,850.0,5250.0,1408.0,215.0,2026-07-01
RBL,NHS England North West,Wirral University Teaching Hospital NHS Foundation Trust,8631.0,0.0,2994.0,11625.0,3971.0,0.0,2968.0,6939.0,4660.0,0.0,26.0,4686.0,0.5969032258064516,0.46008573745800024,,0.991315965263861,2324.0,0.0,0.0,2324.0,1842.0,4166.0,1141.0,575.0,2026-07-01
RBN,NHS England North West,Mersey And West Lancashire Teaching Hospitals NHS Trust,18175.0,0.0,7685.0,25860.0,11287.0,0.0,7639.0,18926.0,6888.0,0.0,46.0,6934.0,0.7318638824439289,0.6210178817056397,,0.994014313597918,8455.0,0.0,0.0,8455.0,992.0,9447.0,1039.0,503.0,2026-07-01
RBQ,NHS England North West,Liverpool Heart And Chest Hospital NHS Foundation Trust,0.0,0.0,0.0,0.0,0.0,0.0,0.0,0.0,0.0,0.0,0.0,0.0,,,,,0.0,0.0,0.0,0.0,91.0,91.0,0.0,0.0,2026-07-01
RBS,NHS England North West,Alder Hey Children's NHS Foundation Trust,5798.0,0.0,0.0,5798.0,5145.0,0.0,0.0,5145.0,653.0,0.0,0.0,653.0,0.8873749568816833,0.8873749568816833,,,884.0,0.0,0.0,884.0,246.0,1130.0,0.0,0.0,2026-07-01
RBT,NHS England North West,Mid Cheshire Hospitals NHS Foundation Trust,7393.0,0.0,3574.0,10967.0,3716.0,0.0,3544.0,7260.0,3677.0,0.0,30.0,3707.0,0.6619859578736209,0.5026376301907209,,0.9916060436485731,2504.0,0.0,0.0,2504.0,751.0,3255.0,991.0,513.0,2026-07-01
RBV,NHS England North West,The Christie NHS Foundation Trust,0.0,0.0,0.0,0.0,0.0,0.0,0.0,0.0,0.0,0.0,0.0,0.0,,,,,0.0,0.0,0.0,0.0,873.0,873.0,0.0,0.0,2026-07-01
RC9,NHS England East Of England,Bedfordshire Hospitals NHS Foundation Trust,19124.0,0.0,8166.0,27290.0,12148.0,0.0,8166.0,20314.0,6976.0,0.0,0.0,6976.0,0.7443752290216197,0.6352227567454507,,1.0,5310.0,0.0,0.0,5310.0,2512.0,7822.0,112.0,32.0,2026-07-01
RCB,NHS England North East And Yorkshire,York And Scarborough Teaching Hospitals NHS Foundation Trust,13730.0,40.0,6126.0,19896.0,6892.0,40.0,5507.0,12439.0,6838.0,0.0,619.0,7457.0,0.6252010454362686,0.5019664967225055,1.0,0.8989552726085537,3660.0,0.0,0.0,3660.0,754.0,4414.0,656.0,177.0,2026-07-01
RCD,NHS England North East And Yorkshire,Harrogate And District NHS Foundation Trust,5681.0,0.0,1853.0,7534.0,3619.0,0.0,1853.0,5472.0,2062.0,0.0,0.0,2062.0,0.7263074064242102,0.6370357331455729,,1.0,1108.0,0.0,0.0,1108.0,233.0,1341.0,90.0,7.0,2026-07-01
RCF,NHS England North East And Yorkshire,Airedale NHS Foundation Trust,6943.0,226.0,0.0,7169.0,4015.0,226.0,0.0,4241.0,2928.0,0.0,0.0,2928.0,0.5915748360998745,0.5782802822987181,1.0,,1511.0,0.0,0.0,1511.0,540.0,2051.0,603.0,183.0,2026-07-01
RCU,NHS England North East And Yorkshire,Sheffield Children's NHS Foundation Trust,4860.0,0.0,254.0,5114.0,4442.0,0.0,254.0,4696.0,418.0,0.0,0.0,418.0,0.9182635901447008,0.9139917695473251,,1.0,929.0,0.0,0.0,929.0,70.0,999.0,12.0,0.0,2026-07-01
RCX,NHS England East Of England,"The Queen Elizabeth Hospital, King's Lynn, NHS Foundation Trust",7008.0,0.0,1199.0,8207.0,4103.0,0.0,1199.0,5302.0,2905.0,0.0,0.0,2905.0,0.6460338735226027,0.5854737442922374,,1.0,2083.0,0.0,0.0,2083.0,380.0,2463.0,929.0,92.0,2026-07-01
RD1,NHS England South West,Royal United Hospitals Bath NHS Foundation Trust,9191.0,0.0,0.0,9191.0,5161.0,0.0,0.0,5161.0,4030.0,0.0,0.0,4030.0,0.5615275813295615,0.5615275813295615,,,2787.0,0.0,0.0,2787.0,2166.0,4953.0,1065.0,249.0,2026-07-01
RD8,NHS England East Of England,Milton Keynes University Hospital NHS Foundation Trust,9629.0,0.0,5417.0,15046.0,4746.0,0.0,5350.0,10096.0,4883.0,0.0,67.0,4950.0,0.671008906021534,0.49288607332017864,,0.987631530367362,2595.0,0.0,0.0,2595.0,503.0,3098.0,1014.0,0.0,2026-07-01
RDE,NHS England East Of England,East Suffolk And North Essex NHS Foundation Trust,12642.0,0.0,13655.0,26297.0,7340.0,0.0,12683.0,20023.0,5302.0,0.0,972.0,6274.0,0.7614176522036734,0.5806043347571587,,0.9288172830465031,5277.0,0.0,2.0,5279.0,182.0,5461.0,912.0,448.0,2026-07-01
RDR,NHS England South East,Sussex Community NHS Foundation Trust,0.0,0.0,13385.0,13385.0,0.0,0.0,12976.0,12976.0,0.0,0.0,409.0,409.0,0.9694434067986553,,,0.9694434067986553,0.0,0.0,0.0,0.0,0.0,0.0,0.0,0.0,2026-07-01
RDU,NHS England South East,Frimley Health NHS Foundation Trust,24005.0,1028.0,12063.0,37096.0,14568.0,1028.0,11874.0,27470.0,9437.0,0.0,189.0,9626.0,0.7405111063187406,0.6068735680066653,1.0,0.9843322556577966,6610.0,0.0,0.0,6610.0,166.0,6776.0,1771.0,538.0,2026-07-01
RDY,NHS England South West,Dorset Healthcare University NHS Foundation Trust,0.0,0.0,0.0,0.0,0.0,0.0,0.0,0.0,0.0,0.0,0.0,0.0,,,,,0.0,0.0,2.0,2.0,2.0,4.0,0.0,0.0,2026-07-01
REF,NHS England South West,Royal Cornwall Hospitals NHS Trust,8176.0,0.0,15067.0,23243.0,3543.0,0.0,13884.0,17427.0,4633.0,0.0,1183.0,5816.0,0.7497741255431742,0.43334148727984345,,0.9214840379637619,2823.0,0.0,37.0,2860.0,1356.0,4216.0,1264.0,573.0,2026-07-01
REM,NHS England North West,Liverpool University Hospitals NHS Foundation Trust,17747.0,1979.0,8678.0,28404.0,8963.0,1928.0,8422.0,19313.0,8784.0,51.0,256.0,9091.0,0.6799394451485706,0.5050431058770496,0.9742294087923193,0.9705001152339249,5204.0,0.0,0.0,5204.0,2454.0,7658.0,1929.0,1057.0,2026-07-01
REP,NHS England North West,Liverpool Women's NHS Foundation Trust,0.0,1584.0,0.0,1584.0,0.0,1453.0,0.0,1453.0,0.0,131.0,0.0,131.0,0.9172979797979798,,0.9172979797979798,,0.0,121.0,0.0,121.0,16.0,137.0,0.0,0.0,2026-07-01
RET,NHS England North West,The Walton Centre NHS Foundation Trust,0.0,0.0,0.0,0.0,0.0,0.0,0.0,0.0,0.0,0.0,0.0,0.0,,,,,0.0,0.0,0.0,0.0,204.0,204.0,0.0,0.0,2026-07-01
RF4,NHS England London,"Barking, Havering And Redbridge University Hospitals NHS Trust",14061.0,2611.0,15643.0,32315.0,8568.0,2420.0,15288.0,26276.0,5493.0,191.0,355.0,6039.0,0.8131208417143742,0.6093449967996586,0.9268479509766373,0.977306143322892,3862.0,0.0,0.0,3862.0,2456.0,6318.0,1109.0,572.0,2026-07-01
RFF,NHS England North East And Yorkshire,Barnsley Hospital NHS Foundation Trust,10287.0,0.0,0.0,10287.0,7635.0,0.0,0.0,7635.0,2652.0,0.0,0.0,2652.0,0.742198891805191,0.742198891805191,,,3449.0,0.0,0.0,3449.0,485.0,3934.0,528.0,14.0,2026-07-01
RFR,NHS England North East And Yorkshire,The Rotherham NHS Foundation Trust,10280.0,0.0,0.0,10280.0,7189.0,0.0,0.0,7189.0,3091.0,0.0,0.0,3091.0,0.6993190661478599,0.6993190661478599,,,1987.0,0.0,0.0,1987.0,618.0,2605.0,657.0,14.0,2026-07-01
RFS,NHS England Midlands,Chesterfield Royal Hospital NHS Foundation Trust,7163.0,0.0,5861.0,13024.0,3291.0,0.0,5780.0,9071.0,3872.0,0.0,81.0,3953.0,0.6964834152334153,0.4594443668853832,,0.9861798327930388,2124.0,0.0,10.0,2134.0,119.0,2253.0,907.0,208.0,2026-07-01
RGN,NHS England East Of England,North West Anglia NHS Foundation Trust,18104.0,0.0,3657.0,21761.0,11045.0,0.0,3520.0,14565.0,7059.0,0.0,137.0,7196.0,0.6693166674325628,0.6100861688024746,,0.9625375991249658,3954.0,0.0,24.0,3978.0,1542.0,5520.0,1300.0,772.0,2026-07-01
RGP,NHS England East Of England,James Paget University Hospitals NHS Foundation Trust,8280.0,0.0,1797.0,10077.0,5183.0,0.0,1797.0,6980.0,3097.0,0.0,0.0,3097.0,0.6926664681948993,0.6259661835748792,,1.0,1579.0,0.0,0.0,1579.0,569.0,2148.0,936.0,423.0,2026-07-01
RGR,NHS England East Of England,West Suffolk NHS Foundation Trust,8640.0,0.0,980.0,9620.0,5695.0,0.0,980.0,6675.0,2945.0,0.0,0.0,2945.0,0.6938669438669439,0.6591435185185185,,1.0,1835.0,0.0,0.0,1835.0,364.0,2199.0,950.0,397.0,2026-07-01
RGT,NHS England East Of England,Cambridge University Hospitals NHS Foundation Trust,11959.0,0.0,6210.0,18169.0,6441.0,0.0,6013.0,12454.0,5518.0,0.0,197.0,5715.0,0.6854532445373989,0.5385901831256794,,0.9682769726247987,2827.0,0.0,29.0,2856.0,479.0,3335.0,854.0,352.0,2026-07-01
RH5,NHS England South West,Somerset NHS Foundation Trust,12897.0,0.0,10264.0,23161.0,6792.0,0.0,9655.0,16447.0,6105.0,0.0,609.0,6714.0,0.7101161435171193,0.5266341009537102,,0.9406664068589244,3190.0,0.0,0.0,3190.0,1819.0,5009.0,541.0,40.0,2026-07-01
RH8,NHS England South West,Royal Devon University Healthcare NHS Foundation Trust,15475.0,0.0,5126.0,20601.0,8264.0,0.0,5118.0,13382.0,7211.0,0.0,8.0,7219.0,0.6495801174700258,0.5340226171243941,,0.998439328911432,3243.0,0.0,0.0,3243.0,1867.0,5110.0,1229.0,222.0,2026-07-01
RHM,NHS England South East,University Hospital Southampton NHS Foundation Trust,11858.0,1254.0,0.0,13112.0,7940.0,1246.0,0.0,9186.0,3918.0,8.0,0.0,3926.0,0.7005796217205613,0.6695901501096306,0.9936204146730463,,3781.0,10.0,0.0,3791.0,1816.0,5607.0,451.0,18.0,2026-07-01
RHQ,NHS England North East And Yorkshire,Sheffield Teaching Hospitals NHS Foundation Trust,9796.0,1317.0,8489.0,19602.0,4792.0,1314.0,8039.0,14145.0,5004.0,3.0,450.0,5457.0,0.721610039791858,0.48917925683952634,0.9977220956719818,0.9469902226410649,3187.0,0.0,0.0,3187.0,3590.0,6777.0,902.0,2.0,2026-07-01
RHU,NHS England South East,Portsmouth Hospitals University NHS Trust,13515.0,1217.0,4708.0,19440.0,8395.0,1204.0,4678.0,14277.0,5120.0,13.0,30.0,5163.0,0.7344135802469136,0.6211616722160562,0.9893179950698439,0.9936278674596432,3195.0,0.0,0.0,3195.0,2655.0,5850.0,1904.0,1191.0,2026-07-01
RHW,NHS England South East,Royal Berkshire NHS Foundation Trust,12733.0,2900.0,3575.0,19208.0,8597.0,2798.0,3575.0,14970.0,4136.0,102.0,0.0,4238.0,0.779362765514369,0.675174742794314,0.9648275862068966,1.0,2274.0,0.0,0.0,2274.0,393.0,2667.0,670.0,17.0,2026-07-01
RJ1,NHS England London,Guy's And St Thomas' NHS Foundation Trust,10902.0,0.0,7822.0,18724.0,6708.0,0.0,7594.0,14302.0,4194.0,0.0,228.0,4422.0,0.7638325144199958,0.6152999449642268,,0.9708514446433137,2089.0,0.0,0.0,2089.0,307.0,2396.0,294.0,95.0,2026-07-01
RJ2,NHS England London,Lewisham And Greenwich NHS Trust,16455.0,0.0,18695.0,35150.0,7348.0,0.0,18227.0,25575.0,9107.0,0.0,468.0,9575.0,0.7275960170697012,0.4465512002430872,,0.9749665686012303,4544.0,0.0,0.0,4544.0,578.0,5122.0,1988.0,769.0,2026-07-01
RJ6,NHS England London,Croydon Health Services NHS Trust,13618.0,0.0,4815.0,18433.0,8181.0,0.0,4815.0,12996.0,5437.0,0.0,0.0,5437.0,0.7050398741387729,0.6007490086650022,,1.0,1093.0,0.0,0.0,1093.0,130.0,1223.0,891.0,644.0,2026-07-01
RJ7,NHS England London,St George's University Hospitals NHS Foundation Trust,9713.0,0.0,4163.0,13876.0,7010.0,0.0,3998.0,11008.0,2703.0,0.0,165.0,2868.0,0.7933121937157682,0.7217131679192834,,0.9603651213067499,1910.0,0.0,0.0,1910.0,546.0,2456.0,789.0,341.0,2026-07-01
RJ8,NHS England South West,Cornwall Partnership NHS Foundation Trust,0.0,0.0,0.0,0.0,0.0,0.0,0.0,0.0,0.0,0.0,0.0,0.0,,,,,0.0,0.0,18.0,18.0,62.0,80.0,0.0,0.0,2026-07-01
RJC,NHS England Midlands,South Warwickshire University NHS Foundation Trust,8707.0,0.0,510.0,9217.0,6434.0,0.0,510.0,6944.0,2273.0,0.0,0.0,2273.0,0.7533904741239015,0.7389456758929597,,1.0,1818.0,0.0,0.0,1818.0,576.0,2394.0,362.0,51.0,2026-07-01
RJE,NHS England Midlands,University Hospitals Of North Midlands NHS Trust,16449.0,571.0,9289.0,26309.0,8183.0,571.0,9158.0,17912.0,8266.0,0.0,131.0,8397.0,0.6808316545668782,0.49747705027661254,1.0,0.985897297879212,4850.0,0.0,0.0,4850.0,1261.0,6111.0,1843.0,727.0,2026-07-01
RJL,NHS England North East And Yorkshire,Northern Lincolnshire And Goole NHS Foundation Trust,11147.0,0.0,7436.0,18583.0,5595.0,0.0,7338.0,12933.0,5552.0,0.0,98.0,5650.0,0.6959586719044287,0.5019287700726653,,0.9868208714362561,5602.0,0.0,0.0,5602.0,509.0,6111.0,1343.0,890.0,2026-07-01
RJN,NHS England North West,East Cheshire NHS Trust,4764.0,0.0,96.0,4860.0,2516.0,0.0,96.0,2612.0,2248.0,0.0,0.0,2248.0,0.5374485596707819,0.5281276238455079,,1.0,920.0,0.0,0.0,920.0,280.0,1200.0,508.0,306.0,2026-07-01
RJR,NHS England North West,Countess Of Chester Hospital NHS Foundation Trust,6079.0,0.0,2768.0,8847.0,3107.0,0.0,2306.0,5413.0,2972.0,0.0,462.0,3434.0,0.611845823442975,0.5111037999670999,,0.833092485549133,2067.0,0.0,0.0,2067.0,1224.0,3291.0,1118.0,612.0,2026-07-01
RJZ,NHS England London,King's College Hospital NHS Foundation Trust,16136.0,0.0,11387.0,27523.0,8593.0,0.0,10733.0,19326.0,7543.0,0.0,654.0,8197.0,0.7021763615884896,0.5325359444719882,,0.9425660841310266,3611.0,0.0,0.0,3611.0,282.0,3893.0,2524.0,889.0,2026-07-01
RK5,NHS England Midlands,Sherwood Forest Hospitals NHS Foundation Trust,12125.0,0.0,6257.0,18382.0,7511.0,0.0,5569.0,13080.0,4614.0,0.0,688.0,5302.0,0.7115656620607116,0.6194639175257732,,0.8900431516701295,3902.0,0.0,0.0,3902.0,266.0,4168.0,941.0,217.0,2026-07-01
RK9,NHS England South West,University Hospitals Plymouth NHS Trust,9411.0,166.0,9425.0,19002.0,3491.0,153.0,9055.0,12699.0,5920.0,13.0,370.0,6303.0,0.6682980738869593,0.3709488895972798,0.9216867469879518,0.9607427055702917,2906.0,0.0,9.0,2915.0,1457.0,4372.0,1185.0,343.0,2026-07-01
RKB,NHS England Midlands,University Hospitals Coventry And Warwickshire NHS Trust,13254.0,2778.0,6004.0,22036.0,8167.0,2702.0,5814.0,16683.0,5087.0,76.0,190.0,5353.0,0.7570793247413323,0.61619133846386,0.97264218862491,0.9683544303797469,1106.0,41.0,48.0,1195.0,435.0,1630.0,70.0,22.0,2026-07-01
RKE,NHS England London,Whittington Health NHS Trust,9719.0,0.0,0.0,9719.0,6882.0,0.0,0.0,6882.0,2837.0,0.0,0.0,2837.0,0.7080975408992695,0.7080975408992695,,,1256.0,0.0,0.0,1256.0,31.0,1287.0,540.0,282.0,2026-07-01
RL1,NHS England Midlands,The Robert Jones And Agnes Hunt Orthopaedic Hospital NHS Foundation Trust,0.0,0.0,0.0,0.0,0.0,0.0,0.0,0.0,0.0,0.0,0.0,0.0,,,,,0.0,0.0,0.0,0.0,35.0,35.0,0.0,0.0,2026-07-01
RL4,NHS England Midlands,The Royal Wolverhampton NHS Trust,12023.0,1717.0,7548.0,21288.0,7799.0,1711.0,7478.0,16988.0,4224.0,6.0,70.0,4300.0,0.7980082675685832,0.6486733760292772,0.9965055329062318,0.9907260201377849,6576.0,0.0,1005.0,7581.0,892.0,8473.0,1429.0,811.0,2026-07-01
RLQ,NHS England Midlands,Wye Valley NHS Trust,6349.0,973.0,189.0,7511.0,3740.0,973.0,189.0,4902.0,2609.0,0.0,0.0,2609.0,0.652642790573825,0.5890691447472043,1.0,1.0,1379.0,0.0,0.0,1379.0,164.0,1543.0,539.0,126.0,2026-07-01
RLT,NHS England Midlands,George Eliot Hospital NHS Trust,7469.0,0.0,1779.0,9248.0,6675.0,0.0,1779.0,8454.0,794.0,0.0,0.0,794.0,0.914143598615917,0.8936939349310483,,1.0,1222.0,0.0,0.0,1222.0,0.0,1222.0,389.0,100.0,2026-07-01
RM1,NHS England East Of England,Norfolk And Norwich University Hospitals NHS Foundation Trust,14121.0,0.0,8148.0,22269.0,10182.0,0.0,8132.0,18314.0,3939.0,0.0,16.0,3955.0,0.8223988504198662,0.721053749734438,,0.9980363279332352,2398.0,0.0,0.0,2398.0,1623.0,4021.0,954.0,186.0,2026-07-01
RM3,NHS England North West,Northern Care Alliance NHS Foundation Trust,28053.0,0.0,9145.0,37198.0,17685.0,0.0,8748.0,26433.0,10368.0,0.0,397.0,10765.0,0.7106027205763751,0.6304138594802695,,0.9565882996172772,7887.0,0.0,359.0,8246.0,2710.0,10956.0,1835.0,902.0,2026-07-01
RMC,NHS England North West,Bolton NHS Foundation Trust,8591.0,0.0,3793.0,12384.0,5282.0,0.0,3655.0,8937.0,3309.0,0.0,138.0,3447.0,0.721656976744186,0.6148294727039926,,0.9636171895597153,2417.0,0.0,103.0,2520.0,651.0,3171.0,864.0,445.0,2026-07-01
RMP,NHS England North West,Tameside And Glossop Integrated Care NHS Foundation Trust,9445.0,0.0,2301.0,11746.0,5216.0,0.0,2279.0,7495.0,4229.0,0.0,22.0,4251.0,0.6380895624042228,0.5522498676548439,,0.990438939591482,1590.0,0.0,0.0,1590.0,274.0,1864.0,905.0,474.0,2026-07-01
RN3,NHS England South West,Great Western Hospitals NHS Foundation Trust,7759.0,0.0,4487.0,12246.0,4143.0,0.0,3785.0,7928.0,3616.0,0.0,702.0,4318.0,0.6473950677772334,0.5339605619280835,,0.8435480276353912,2600.0,0.0,0.0,2600.0,1399.0,3999.0,1073.0,390.0,2026-07-01
RN5,NHS England South East,Hampshire Hospitals NHS Foundation Trust,10368.0,71.0,5059.0,15498.0,4848.0,71.0,5059.0,9978.0,5520.0,0.0,0.0,5520.0,0.6438250096786682,0.4675925925925926,1.0,1.0,3725.0,7.0,23.0,3755.0,949.0,4704.0,220.0,7.0,2026-07-01
RN7,NHS England South East,Dartford And Gravesham NHS Trust,12051.0,0.0,4116.0,16167.0,8930.0,0.0,4089.0,13019.0,3121.0,0.0,27.0,3148.0,0.8052823653120554,0.7410173429590905,,0.9934402332361516,3940.0,0.0,0.0,3940.0,268.0,4208.0,673.0,143.0,2026-07-01
RNA,NHS England Midlands,The Dudley Group NHS Foundation Trust,10913.0,0.0,4282.0,15195.0,7649.0,0.0,4269.0,11918.0,3264.0,0.0,13.0,3277.0,0.7843369529450477,0.7009071749289838,,0.9969640354974311,3450.0,0.0,0.0,3450.0,2723.0,6173.0,943.0,90.0,2026-07-01
RNN,NHS England North East And Yorkshire,North Cumbria Integrated Care NHS Foundation Trust,9427.0,0.0,3401.0,12828.0,5128.0,0.0,3173.0,8301.0,4299.0,0.0,228.0,4527.0,0.6471000935453695,0.5439694494536969,,0.9329608938547486,2254.0,0.0,0.0,2254.0,472.0,2726.0,842.0,269.0,2026-07-01
RNQ,NHS England Midlands,Kettering General Hospital NHS Foundation Trust,11234.0,0.0,8936.0,20170.0,7180.0,0.0,8915.0,16095.0,4054.0,0.0,21.0,4075.0,0.7979672781358453,0.6391312088303365,,0.9976499552372426,1918.0,0.0,0.0,1918.0,269.0,2187.0,1217.0,712.0,2026-07-01
RNS,NHS England Midlands,Northampton General Hospital NHS Trust,11493.0,723.0,1872.0,14088.0,7366.0,712.0,1872.0,9950.0,4127.0,11.0,0.0,4138.0,0.706274843838728,0.6409118593926738,0.9847856154910097,1.0,2456.0,0.0,0.0,2456.0,400.0,2856.0,1393.0,886.0,2026-07-01
RNU,NHS England South East,Oxford Health NHS Foundation Trust,0.0,0.0,5281.0,5281.0,0.0,0.0,5053.0,5053.0,0.0,0.0,228.0,228.0,0.9568263586441962,,,0.9568263586441962,0.0,0.0,0.0,0.0,0.0,0.0,0.0,0.0,2026-07-01
RNZ,NHS England South West,Salisbury NHS Foundation Trust,5257.0,333.0,2193.0,7783.0,2660.0,333.0,2193.0,5186.0,2597.0,0.0,0.0,2597.0,0.6663240395734292,0.5059920106524634,1.0,1.0,1255.0,0.0,0.0,1255.0,992.0,2247.0,546.0,136.0,2026-07-01
RP5,NHS England North East And Yorkshire,Doncaster And Bassetlaw Teaching Hospitals NHS Foundation Trust,14905.0,0.0,4351.0,19256.0,9777.0,0.0,4341.0,14118.0,5128.0,0.0,10.0,5138.0,0.733174075612796,0.6559543777255954,,0.9977016777752241,4268.0,0.0,488.0,4756.0,1007.0,5763.0,1499.0,180.0,2026-07-01
RP6,NHS England London,Moorfields Eye Hospital NHS Foundation Trust,0.0,6824.0,0.0,6824.0,0.0,6574.0,0.0,6574.0,0.0,250.0,0.0,250.0,0.9633645955451349,,0.9633645955451349,,0.0,3.0,0.0,3.0,263.0,266.0,0.0,0.0,2026-07-01
RPA,NHS England South East,Medway NHS Foundation Trust,10469.0,0.0,7156.0,17625.0,6892.0,0.0,6483.0,13375.0,3577.0,0.0,673.0,4250.0,0.7588652482269503,0.6583245773235266,,0.9059530463946339,1773.0,0.0,0.0,1773.0,577.0,2350.0,1109.0,804.0,2026-07-01
RPC,NHS England South East,Queen Victoria Hospital NHS Foundation Trust,0.0,0.0,1566.0,1566.0,0.0,0.0,1555.0,1555.0,0.0,0.0,11.0,11.0,0.9929757343550447,,,0.9929757343550447,0.0,0.0,4.0,4.0,628.0,632.0,0.0,0.0,2026-07-01
RQ3,NHS England Midlands,Birmingham Women's And Children's NHS Foundation Trust,4528.0,0.0,914.0,5442.0,3797.0,0.0,914.0,4711.0,731.0,0.0,0.0,731.0,0.8656743844174936,0.838560070671378,,1.0,579.0,0.0,0.0,579.0,228.0,807.0,13.0,0.0,2026-07-01
RQM,NHS England London,Chelsea And Westminster Hospital NHS Foundation Trust,21668.0,0.0,6754.0,28422.0,16034.0,0.0,6369.0,22403.0,5634.0,0.0,385.0,6019.0,0.7882274294560552,0.7399852316780506,,0.9429967426710097,2979.0,0.0,0.0,2979.0,359.0,3338.0,640.0,74.0,2026-07-01
RQW,NHS England East Of England,The Princess Alexandra Hospital NHS Trust,9308.0,0.0,2425.0,11733.0,6722.0,0.0,2425.0,9147.0,2586.0,0.0,0.0,2586.0,0.7795960112503196,0.7221744735711216,,1.0,1881.0,0.0,0.0,1881.0,396.0,2277.0,851.0,282.0,2026-07-01
RQX,NHS England London,Homerton Healthcare NHS Foundation Trust,11507.0,0.0,0.0,11507.0,9098.0,0.0,0.0,9098.0,2409.0,0.0,0.0,2409.0,0.7906491700703919,0.7906491700703919,,,1837.0,0.0,0.0,1837.0,339.0,2176.0,195.0,23.0,2026-07-01
RR7,NHS England North East And Yorkshire,Gateshead Health NHS Foundation Trust,5701.0,0.0,4817.0,10518.0,3652.0,0.0,4775.0,8427.0,2049.0,0.0,42.0,2091.0,0.8011979463776383,0.6405893702859148,,0.991280880215902,1881.0,0.0,0.0,1881.0,39.0,1920.0,477.0,3.0,2026-07-01
RR8,NHS England North East And Yorkshire,Leeds Teaching Hospitals NHS Trust,19517.0,782.0,10479.0,30778.0,12148.0,782.0,10346.0,23276.0,7369.0,0.0,133.0,7502.0,0.7562544674767692,0.6224317261874264,1.0,0.9873079492317969,3757.0,0.0,0.0,3757.0,1119.0,4876.0,2117.0,581.0,2026-07-01
RRF,NHS England North West,"Wrightington, Wigan And Leigh Teaching Hospitals NHS Foundation Trust",7080.0,0.0,6581.0,13661.0,3773.0,0.0,6526.0,10299.0,3307.0,0.0,55.0,3362.0,0.7538979576897739,0.532909604519774,,0.9916426075064579,2566.0,0.0,0.0,2566.0,535.0,3101.0,561.0,181.0,2026-07-01
RRK,NHS England Midlands,University Hospitals Birmingham NHS Foundation Trust,35471.0,443.0,12189.0,48103.0,21772.0,443.0,11949.0,34164.0,13699.0,0.0,240.0,13939.0,0.7102259734320104,0.6137971864339883,1.0,0.9803101156780704,10478.0,0.0,0.0,10478.0,7797.0,18275.0,3930.0,2187.0,2026-07-01
RRV,NHS England London,University College London Hospitals NHS Foundation Trust,14726.0,0.0,0.0,14726.0,11183.0,0.0,0.0,11183.0,3543.0,0.0,0.0,3543.0,0.759405133776993,0.759405133776993,,,1442.0,0.0,0.0,1442.0,460.0,1902.0,596.0,184.0,2026-07-01
RTD,NHS England North East And Yorkshire,The Newcastle Upon Tyne Hospitals NHS Foundation Trust,12057.0,1878.0,9705.0,23640.0,6977.0,1749.0,9570.0,18296.0,5080.0,129.0,135.0,5344.0,0.7739424703891709,0.5786679936966078,0.9313099041533547,0.9860896445131375,3787.0,23.0,0.0,3810.0,3206.0,7016.0,439.0,3.0,2026-07-01
RTE,NHS England South West,Gloucestershire Hospitals NHS Foundation Trust,15056.0,0.0,0.0,15056.0,9991.0,0.0,0.0,9991.0,5065.0,0.0,0.0,5065.0,0.6635892667375133,0.6635892667375133,,,2617.0,0.0,0.0,2617.0,3053.0,5670.0,513.0,197.0,2026-07-01
RTF,NHS England North East And Yorkshire,Northumbria Healthcare NHS Foundation Trust,11136.0,0.0,14932.0,26068.0,9060.0,0.0,14932.0,23992.0,2076.0,0.0,0.0,2076.0,0.9203621298143317,0.8135775862068966,,1.0,4703.0,0.0,12.0,4715.0,515.0,5230.0,2.0,0.0,2026-07-01
RTG,NHS England Midlands,University Hospitals Of Derby And Burton NHS Foundation Trust,24837.0,0.0,9910.0,34747.0,14167.0,0.0,9899.0,24066.0,10670.0,0.0,11.0,10681.0,0.6926065559616658,0.5703990014897129,,0.9988900100908173,4174.0,0.0,1.0,4175.0,2100.0,6275.0,1841.0,589.0,2026-07-01
RTH,NHS England South East,Oxford University Hospitals NHS Foundation Trust,15001.0,1542.0,3506.0,20049.0,10729.0,1542.0,3381.0,15652.0,4272.0,0.0,125.0,4397.0,0.7806873160756147,0.7152189854009733,1.0,0.9643468339988591,5356.0,111.0,13.0,5480.0,4232.0,9712.0,417.0,7.0,2026-07-01
RTK,NHS England South East,Ashford And St Peter's Hospitals NHS Foundation Trust,7844.0,0.0,2762.0,10606.0,4742.0,0.0,2673.0,7415.0,3102.0,0.0,89.0,3191.0,0.6991325664718084,0.6045385007649159,,0.9677769732078204,2280.0,0.0,0.0,2280.0,553.0,2833.0,912.0,507.0,2026-07-01
RTP,NHS England South East,Surrey And Sussex Healthcare NHS Trust,10600.0,0.0,0.0,10600.0,6041.0,0.0,0.0,6041.0,4559.0,0.0,0.0,4559.0,0.5699056603773585,0.5699056603773585,,,3094.0,0.0,0.0,3094.0,1086.0,4180.0,981.0,428.0,2026-07-01
RTQ,NHS England South West,Gloucestershire Health And Care NHS Foundation Trust,0.0,0.0,9207.0,9207.0,0.0,0.0,8874.0,8874.0,0.0,0.0,333.0,333.0,0.9638318670576735,,,0.9638318670576735,0.0,0.0,1.0,1.0,35.0,36.0,0.0,0.0,2026-07-01
RTR,NHS England North East And Yorkshire,South Tees Hospitals NHS Foundation Trust,7798.0,0.0,12458.0,20256.0,4558.0,0.0,12032.0,16590.0,3240.0,0.0,426.0,3666.0,0.8190165876777251,0.5845088484226725,,0.9658051051533152,2334.0,0.0,413.0,2747.0,2567.0,5314.0,146.0,3.0,2026-07-01
RTX,NHS England North West,University Hospitals Of Morecambe Bay NHS Foundation Trust,9652.0,0.0,5415.0,15067.0,5464.0,0.0,5310.0,10774.0,4188.0,0.0,105.0,4293.0,0.715072675383288,0.566100290095317,,0.9806094182825484,3189.0,0.0,9.0,3198.0,1028.0,4226.0,1434.0,712.0,2026-07-01
RV9,NHS England North East And Yorkshire,Humber Teaching NHS Foundation Trust,0.0,0.0,1254.0,1254.0,0.0,0.0,1253.0,1253.0,0.0,0.0,1.0,1.0,0.9992025518341308,,,0.9992025518341308,0.0,0.0,0.0,0.0,0.0,0.0,0.0,0.0,2026-07-01
RVR,NHS England London,Epsom And St Helier University Hospitals NHS Trust,10657.0,0.0,3309.0,13966.0,6770.0,0.0,2697.0,9467.0,3887.0,0.0,612.0,4499.0,0.677860518401833,0.6352632072815989,,0.815049864007253,1930.0,0.0,0.0,1930.0,319.0,2249.0,1304.0,693.0,2026-07-01
RVV,NHS England South East,East Kent Hospitals University NHS Foundation Trust,13584.0,0.0,13763.0,27347.0,7155.0,0.0,13008.0,20163.0,6429.0,0.0,755.0,7184.0,0.7373020806669836,0.5267226148409894,,0.945142774104483,3067.0,0.0,565.0,3632.0,548.0,4180.0,1659.0,1074.0,2026-07-01
RVW,NHS England North East And Yorkshire,North Tees And Hartlepool NHS Foundation Trust,5306.0,0.0,11821.0,17127.0,2184.0,0.0,11760.0,13944.0,3122.0,0.0,61.0,3183.0,0.814153091609739,0.41160949868073876,,0.9948396920734286,1687.0,0.0,554.0,2241.0,2416.0,4657.0,142.0,7.0,2026-07-01
RW1,NHS England South East,Hampshire And Isle Of Wight Healthcare NHS Foundation Trust,0.0,0.0,3145.0,3145.0,0.0,0.0,3017.0,3017.0,0.0,0.0,128.0,128.0,0.9593004769475357,,,0.9593004769475357,0.0,0.0,0.0,0.0,121.0,121.0,0.0,0.0,2026-07-01
RW4,NHS England North West,Mersey Care NHS Foundation Trust,0.0,0.0,14271.0,14271.0,0.0,0.0,13999.0,13999.0,0.0,0.0,272.0,272.0,0.9809403685796371,,,0.9809403685796371,0.0,0.0,0.0,0.0,45.0,45.0,0.0,0.0,2026-07-01
RWA,NHS England North East And Yorkshire,Hull University Teaching Hospitals NHS Trust,10566.0,0.0,4262.0,14828.0,5266.0,0.0,3962.0,9228.0,5300.0,0.0,300.0,5600.0,0.6223361208524413,0.49839106568237745,,0.9296105114969498,3880.0,0.0,0.0,3880.0,2270.0,6150.0,986.0,172.0,2026-07-01
RWD,NHS England Midlands,United Lincolnshire Teaching Hospitals NHS Trust,18237.0,0.0,4418.0,22655.0,12030.0,0.0,4123.0,16153.0,6207.0,0.0,295.0,6502.0,0.7129993378945045,0.6596479684158578,,0.9332277048438208,4935.0,0.0,0.0,4935.0,1205.0,6140.0,1853.0,1217.0,2026-07-01
RWE,NHS England Midlands,University Hospitals Of Leicester NHS Trust,22400.0,2253.0,0.0,24653.0,13619.0,2072.0,0.0,15691.0,8781.0,181.0,0.0,8962.0,0.6364742627672089,0.6079910714285715,0.9196626719928983,,6725.0,6.0,0.0,6731.0,3557.0,10288.0,2041.0,860.0,2026-07-01
RWF,NHS England South East,Maidstone And Tunbridge Wells NHS Trust,20671.0,0.0,2071.0,22742.0,15048.0,0.0,2058.0,17106.0,5623.0,0.0,13.0,5636.0,0.7521765895699587,0.7279763920468288,,0.993722839208112,2465.0,0.0,0.0,2465.0,624.0,3089.0,1393.0,324.0,2026-07-01
RWG,NHS England East Of England,West Hertfordshire Teaching Hospitals NHS Trust,8493.0,0.0,9318.0,17811.0,6394.0,0.0,9293.0,15687.0,2099.0,0.0,25.0,2124.0,0.8807478524507327,0.7528552925939008,,0.9973170208199185,5358.0,0.0,0.0,5358.0,463.0,5821.0,667.0,26.0,2026-07-01
RWH,NHS England East Of England,East And North Hertfordshire Teaching NHS Trust,9252.0,0.0,8993.0,18245.0,5057.0,0.0,8875.0,13932.0,4195.0,0.0,118.0,4313.0,0.7636064675253494,0.5465845222654561,,0.9868786834204382,2335.0,0.0,2.0,2337.0,337.0,2674.0,654.0,206.0,2026-07-01
RWJ,NHS England North West,Stockport NHS Foundation Trust,9003.0,0.0,2354.0,11357.0,5326.0,0.0,2225.0,7551.0,3677.0,0.0,129.0,3806.0,0.6648762877520472,0.5915805842496945,,0.9451996601529312,2682.0,0.0,51.0,2733.0,1030.0,3763.0,724.0,148.0,2026-07-01
RWP,NHS England Midlands,Worcestershire Acute Hospitals NHS Trust,15328.0,0.0,7026.0,22354.0,8529.0,0.0,6942.0,15471.0,6799.0,0.0,84.0,6883.0,0.6920909009573231,0.5564326722338204,,0.9880444064901793,3230.0,0.0,0.0,3230.0,920.0,4150.0,1825.0,986.0,2026-07-01
RWW,NHS England North West,North Cheshire And Mersey NHS Foundation Trust,7438.0,0.0,6517.0,13955.0,4242.0,0.0,6471.0,10713.0,3196.0,0.0,46.0,3242.0,0.7676818344679326,0.5703146006991127,,0.9929415375172626,1788.0,0.0,0.0,1788.0,119.0,1907.0,1347.0,841.0,2026-07-01
RWX,NHS England South East,Berkshire Healthcare NHS Foundation Trust,0.0,0.0,1625.0,1625.0,0.0,0.0,1597.0,1597.0,0.0,0.0,28.0,28.0,0.9827692307692307,,,0.9827692307692307,0.0,0.0,21.0,21.0,0.0,21.0,0.0,0.0,2026-07-01
RWY,NHS England North East And Yorkshire,Calderdale And Huddersfield NHS Foundation Trust,17089.0,0.0,0.0,17089.0,14537.0,0.0,0.0,14537.0,2552.0,0.0,0.0,2552.0,0.8506641699338756,0.8506641699338756,,,2907.0,0.0,0.0,2907.0,197.0,3104.0,1304.0,92.0,2026-07-01
RX1,NHS England Midlands,Nottingham University Hospitals NHS Trust,13359.0,2273.0,10016.0,25648.0,5976.0,2095.0,9245.0,17316.0,7383.0,178.0,771.0,8332.0,0.6751403618215845,0.44733887267011,0.9216893972723273,0.9230231629392971,3662.0,0.0,1197.0,4859.0,4246.0,9105.0,912.0,771.0,2026-07-01
RXC,NHS England South East,East Sussex Healthcare NHS Trust,12411.0,0.0,4256.0,16667.0,8334.0,0.0,4192.0,12526.0,4077.0,0.0,64.0,4141.0,0.751544969100618,0.6715010877447426,,0.9849624060150376,2960.0,0.0,0.0,2960.0,536.0,3496.0,509.0,246.0,2026-07-01
RXF,NHS England North East And Yorkshire,Mid Yorkshire Teaching NHS Trust,17607.0,127.0,7024.0,24758.0,11062.0,127.0,6785.0,17974.0,6545.0,0.0,239.0,6784.0,0.7259875595767025,0.6282728460271483,1.0,0.9659738041002278,3391.0,0.0,168.0,3559.0,837.0,4396.0,2330.0,255.0,2026-07-01
RXG,NHS England North East And Yorkshire,South West Yorkshire Partnership Teaching NHS Foundation Trust,0.0,0.0,0.0,0.0,0.0,0.0,0.0,0.0,0.0,0.0,0.0,0.0,,,,,0.0,0.0,0.0,0.0,126.0,126.0,0.0,0.0,2026-07-01
RXK,NHS England Midlands,Sandwell And West Birmingham Hospitals NHS Trust,12286.0,1252.0,8317.0,21855.0,7099.0,1038.0,8266.0,16403.0,5187.0,214.0,51.0,5452.0,0.7505376344086021,0.5778121439036301,0.829073482428115,0.9938679812432367,2627.0,0.0,20.0,2647.0,72.0,2719.0,1011.0,301.0,2026-07-01
RXL,NHS England North West,Blackpool Teaching Hospitals NHS Foundation Trust,9286.0,0.0,10254.0,19540.0,5234.0,0.0,10122.0,15356.0,4052.0,0.0,132.0,4184.0,0.7858751279426817,0.5636441955632134,,0.9871269748390872,1805.0,0.0,0.0,1805.0,2561.0,4366.0,857.0,412.0,2026-07-01
RXN,NHS England North West,Lancashire Teaching Hospitals NHS Foundation Trust,13121.0,0.0,3549.0,16670.0,9039.0,0.0,3278.0,12317.0,4082.0,0.0,271.0,4353.0,0.7388722255548891,0.6888956634402865,,0.9236404621020006,3418.0,0.0,100.0,3518.0,1231.0,4749.0,1408.0,312.0,2026-07-01
RXP,NHS England North East And Yorkshire,County Durham And Darlington NHS Foundation Trust,13244.0,0.0,11099.0,24343.0,7820.0,0.0,11099.0,18919.0,5424.0,0.0,0.0,5424.0,0.7771844061947993,0.5904560555723346,,1.0,4468.0,0.0,0.0,4468.0,840.0,5308.0,1514.0,39.0,2026-07-01
RXQ,NHS England South East,Buckinghamshire Healthcare NHS Trust,9922.0,1477.0,3157.0,14556.0,6407.0,1477.0,3027.0,10911.0,3515.0,0.0,130.0,3645.0,0.7495877988458368,0.6457367466236645,1.0,0.9588216661387393,4090.0,1096.0,0.0,5186.0,1477.0,6663.0,418.0,194.0,2026-07-01
RXR,NHS England North West,East Lancashire Hospitals NHS Trust,14366.0,0.0,11885.0,26251.0,9804.0,0.0,10996.0,20800.0,4562.0,0.0,889.0,5451.0,0.792350767589806,0.682444661005151,,0.9251998317206563,3829.0,0.0,88.0,3917.0,2262.0,6179.0,1110.0,855.0,2026-07-01
RXW,NHS England Midlands,The Shrewsbury And Telford Hospital NHS Trust,12003.0,0.0,2492.0,14495.0,5350.0,0.0,2213.0,7563.0,6653.0,0.0,279.0,6932.0,0.5217661262504312,0.4457219028576189,,0.8880417335473515,3635.0,0.0,181.0,3816.0,2221.0,6037.0,1909.0,1300.0,2026-07-01
RY4,NHS England East Of England,Hertfordshire Community NHS Trust,0.0,0.0,1342.0,1342.0,0.0,0.0,1218.0,1218.0,0.0,0.0,124.0,124.0,0.9076005961251863,,,0.9076005961251863,0.0,0.0,0.0,0.0,0.0,0.0,0.0,0.0,2026-07-01
RY5,NHS England Midlands,Lincolnshire Community Health Services NHS Trust,0.0,0.0,9426.0,9426.0,0.0,0.0,9232.0,9232.0,0.0,0.0,194.0,194.0,0.9794186293231487,,,0.9794186293231487,0.0,0.0,0.0,0.0,0.0,0.0,0.0,0.0,2026-07-01
RY7,NHS England North West,Wirral Community Health And Care NHS Foundation Trust,0.0,0.0,4146.0,4146.0,0.0,0.0,3930.0,3930.0,0.0,0.0,216.0,216.0,0.9479015918958031,,,0.9479015918958031,0.0,0.0,0.0,0.0,0.0,0.0,0.0,0.0,2026-07-01
RY8,NHS England Midlands,Derbyshire Community Health Services NHS Foundation Trust,0.0,0.0,9244.0,9244.0,0.0,0.0,8677.0,8677.0,0.0,0.0,567.0,567.0,0.9386629164863696,,,0.9386629164863696,0.0,0.0,0.0,0.0,0.0,0.0,0.0,0.0,2026-07-01
RYF,NHS England South West,South Western Ambulance Service NHS Foundation Trust,0.0,0.0,2330.0,2330.0,0.0,0.0,2220.0,2220.0,0.0,0.0,110.0,110.0,0.9527896995708155,,,0.9527896995708155,0.0,0.0,0.0,0.0,0.0,0.0,0.0,0.0,2026-07-01
RYG,NHS England Midlands,Coventry And Warwickshire Partnership NHS Trust,0.0,0.0,0.0,0.0,0.0,0.0,0.0,0.0,0.0,0.0,0.0,0.0,,,,,0.0,0.0,9.0,9.0,39.0,48.0,0.0,0.0,2026-07-01
RYJ,NHS England London,Imperial College Healthcare NHS Trust,12485.0,4383.0,8385.0,25253.0,7403.0,4195.0,7949.0,19547.0,5082.0,188.0,436.0,5706.0,0.774046647923019,0.5929515418502203,0.9571070043349305,0.9480023852116876,3810.0,0.0,0.0,3810.0,1070.0,4880.0,582.0,0.0,2026-07-01
RYR,NHS England South East,University Hospitals Sussex NHS Foundation Trust,31045.0,1748.0,2265.0,35058.0,18196.0,1656.0,2040.0,21892.0,12849.0,92.0,225.0,13166.0,0.6244509099207028,0.5861169270413915,0.9473684210526315,0.9006622516556292,8373.0,14.0,22.0,8409.0,1919.0,10328.0,1983.0,1090.0,2026-07-01
RYX,NHS England London,Central London Community Healthcare NHS Trust,0.0,0.0,14706.0,14706.0,0.0,0.0,14413.0,14413.0,0.0,0.0,293.0,293.0,0.9800761593907249,,,0.9800761593907249,0.0,0.0,0.0,0.0,0.0,0.0,0.0,0.0,2026-07-01
RYY,NHS England South East,Kent Community Health NHS Foundation Trust,0.0,0.0,7048.0,7048.0,0.0,0.0,6978.0,6978.0,0.0,0.0,70.0,70.0,0.9900681044267877,,,0.9900681044267877,0.0,0.0,0.0,0.0,0.0,0.0,0.0,0.0,2026-07-01
Y02428,NHS England East Of England,Putnoe Walk In Centre,0.0,0.0,2164.0,2164.0,0.0,0.0,2164.0,2164.0,0.0,0.0,0.0,0.0,1.0,,,1.0,0.0,0.0,0.0,0.0,0.0,0.0,0.0,0.0,2026-07-01
Y02532,NHS England North West,Miriam Minor Emergency,0.0,0.0,1652.0,1652.0,0.0,0.0,1652.0,1652.0,0.0,0.0,0.0,0.0,1.0,,,1.0,0.0,0.0,0.0,0.0,0.0,0.0,0.0,0.0,2026-07-01
Y02676,NHS England South East,Brighton Station Health Centre,0.0,0.0,1981.0,1981.0,0.0,0.0,1981.0,1981.0,0.0,0.0,0.0,0.0,1.0,,,1.0,0.0,0.0,0.0,0.0,0.0,0.0,0.0,0.0,2026-07-01
AAH,NHS England South West,Tetbury Hospital Trust Ltd,0.0,0.0,603.0,603.0,0.0,0.0,603.0,603.0,0.0,0.0,0.0,0.0,1.0,,,1.0,0.0,0.0,0.0,0.0,0.0,0.0,0.0,0.0,2026-08-01
ACH01,NHS England South East,Whitstable Medical Practice,0.0,0.0,4942.0,4942.0,0.0,0.0,4942.0,4942.0,0.0,0.0,0.0,0.0,1.0,,,1.0,0.0,0.0,0.0,0.0,0.0,0.0,0.0,0.0,2026-08-01
AD913,NHS England London,Beckenham Beacon Ucc,0.0,0.0,3657.0,3657.0,0.0,0.0,3628.0,3628.0,0.0,0.0,29.0,29.0,0.9920700027344819,,,0.9920700027344819,0.0,0.0,0.0,0.0,0.0,0.0,0.0,0.0,2026-08-01
AJN,NHS England North East And Yorkshire,Workington Health Limited,0.0,0.0,461.0,461.0,0.0,0.0,461.0,461.0,0.0,0.0,0.0,0.0,1.0,,,1.0,0.0,0.0,0.0,0.0,0.0,0.0,0.0,0.0,2026-08-01
AQM01,NHS England South East,Faversham Medical Practice Miu,0.0,0.0,2906.0,2906.0,0.0,0.0,2906.0,2906.0,0.0,0.0,0.0,0.0,1.0,,,1.0,0.0,0.0,0.0,0.0,0.0,0.0,0.0,0.0,2026-08-01
AQN04,NHS England South East,Phl Lymington Utc,0.0,0.0,3448.0,3448.0,0.0,0.0,3261.0,3261.0,0.0,0.0,187.0,187.0,0.9457656612529002,,,0.9457656612529002,0.0,0.0,0.0,0.0,0.0,0.0,0.0,0.0,2026-08-01
ARN03,NHS England North East And Yorkshire,Local Care Direct,0.0,0.0,2428.0,2428.0,0.0,0.0,2428.0,2428.0,0.0,0.0,0.0,0.0,1.0,,,1.0,0.0,0.0,0.0,0.0,0.0,0.0,0.0,0.0,2026-08-01
C82009,NHS England Midlands,Market Harborough Med.Ctr,0.0,0.0,307.0,307.0,0.0,0.0,307.0,307.0,0.0,0.0,0.0,0.0,1.0,,,1.0,0.0,0.0,0.0,0.0,0.0,0.0,0.0,0.0,2026-08-01
C82038,NHS England Midlands,Latham House Medical Practice,0.0,0.0,388.0,388.0,0.0,0.0,388.0,388.0,0.0,0.0,0.0,0.0,1.0,,,1.0,0.0,0.0,0.0,0.0,0.0,0.0,0.0,0.0,2026-08-01
C83023,NHS England Midlands,Sleaford Medical Group,0.0,0.0,539.0,539.0,0.0,0.0,539.0,539.0,0.0,0.0,0.0,0.0,1.0,,,1.0,0.0,0.0,0.0,0.0,5.0,5.0,0.0,0.0,2026-08-01
DJV01,NHS England South East,Herne Bay Health Care Ltd,0.0,0.0,2791.0,2791.0,0.0,0.0,2791.0,2791.0,0.0,0.0,0.0,0.0,1.0,,,1.0,0.0,0.0,0.0,0.0,0.0,0.0,0.0,0.0,2026-08-01
DT301,NHS England East Of England,Herts Urgent Care (Ascots Lane),0.0,0.0,2128.0,2128.0,0.0,0.0,2056.0,2056.0,0.0,0.0,72.0,72.0,0.9661654135338346,,,0.9661654135338346,0.0,0.0,0.0,0.0,0.0,0.0,0.0,0.0,2026-08-01
G0Q0L,NHS England London,Barking Hospital Utc,0.0,0.0,2532.0,2532.0,0.0,0.0,2525.0,2525.0,0.0,0.0,7.0,7.0,0.9972353870458136,,,0.9972353870458136,0.0,0.0,0.0,0.0,0.0,0.0,0.0,0.0,2026-08-01
G3P9C,NHS England South West,Trowbridge Minor Injuries Unit,0.0,0.0,1507.0,1507.0,0.0,0.0,1505.0,1505.0,0.0,0.0,2.0,2.0,0.9986728599867286,,,0.9986728599867286,0.0,0.0,0.0,0.0,0.0,0.0,0.0,0.0,2026-08-01
K6K0R,NHS England London,Harold Wood Polyclinic Utc,0.0,0.0,2620.0,2620.0,0.0,0.0,2604.0,2604.0,0.0,0.0,16.0,16.0,0.9938931297709923,,,0.9938931297709923,0.0,0.0,0.0,0.0,0.0,0.0,0.0,0.0,2026-08-01
L83087,NHS England South West,Okehampton Medical Centre,0.0,0.0,63.0,63.0,0.0,0.0,63.0,63.0,0.0,0.0,0.0,0.0,1.0,,,1.0,0.0,0.0,0.0,0.0,0.0,0.0,0.0,0.0,2026-08-01
NDJ,NHS England South East,First Community Health And Care Cic,0.0,0.0,2320.0,2320.0,0.0,0.0,2286.0,2286.0,0.0,0.0,34.0,34.0,0.9853448275862069,,,0.9853448275862069,0.0,0.0,0.0,0.0,0.0,0.0,0.0,0.0,2026-08-01
NLX,NHS England South West,Sirona Care & Health,0.0,0.0,9354.0,9354.0,0.0,0.0,9021.0,9021.0,0.0,0.0,333.0,333.0,0.9644002565747274,,,0.9644002565747274,0.0,0.0,0.0,0.0,0.0,0.0,0.0,0.0,2026-08-01
NNF09,NHS England North East And Yorkshire,Bransholme Health Centre,0.0,0.0,3486.0,3486.0,0.0,0.0,3199.0,3199.0,0.0,0.0,287.0,287.0,0.9176706827309237,,,0.9176706827309237,0.0,0.0,0.0,0.0,0.0,0.0,0.0,0.0,2026-08-01
NNF16,NHS England North East And Yorkshire,Bridlington Hospital,0.0,0.0,1707.0,1707.0,0.0,0.0,1641.0,1641.0,0.0,0.0,66.0,66.0,0.961335676625659,,,0.961335676625659,0.0,0.0,0.0,0.0,0.0,0.0,0.0,0.0,2026-08-01
NNF94,NHS England North East And Yorkshire,East Riding Community Hospital,0.0,0.0,2895.0,2895.0,0.0,0.0,2662.0,2662.0,0.0,0.0,233.0,233.0,0.9195164075993092,,,0.9195164075993092,0.0,0.0,0.0,0.0,0.0,0.0,0.0,0.0,2026-08-01
NNFA7,NHS England North East And Yorkshire,Goole & District Hospital,0.0,0.0,1671.0,1671.0,0.0,0.0,1654.0,1654.0,0.0,0.0,17.0,17.0,0.9898264512268103,,,0.9898264512268103,0.0,0.0,0.0,0.0,0.0,0.0,0.0,0.0,2026-08-01
NNJ,NHS England Midlands,Dhu Health Care C.I.C,0.0,0.0,2036.0,2036.0,0.0,0.0,2036.0,2036.0,0.0,0.0,0.0,0.0,1.0,,,1.0,0.0,0.0,0.0,0.0,0.0,0.0,0.0,0.0,2026-08-01
NNJ07,NHS England Midlands,Loughborough Urgent Care Centre,0.0,0.0,7576.0,7576.0,0.0,0.0,7554.0,7554.0,0.0,0.0,22.0,22.0,0.9970960929250264,,,0.9970960929250264,0.0,0.0,0.0,0.0,0.0,0.0,0.0,0.0,2026-08-01
NNJ0H,NHS England Midlands,Llr Ea - The Merlyn Vaz Health & Social Care Centre,0.0,0.0,2689.0,2689.0,0.0,0.0,2686.0,2686.0,0.0,0.0,3.0,3.0,0.9988843436221644,,,0.9988843436221644,0.0,0.0,0.0,0.0,0.0,0.0,0.0,0.0,2026-08-01
NNJ10,NHS England Midlands,Enderby Leisure Centre,0.0,0.0,371.0,371.0,0.0,0.0,371.0,371.0,0.0,0.0,0.0,0.0,1.0,,,1.0,0.0,0.0,0.0,0.0,0.0,0.0,0.0,0.0,2026-08-01
NNJ11,NHS England Midlands,Lutterworth Hospital,0.0,0.0,169.0,169.0,0.0,0.0,169.0,169.0,0.0,0.0,0.0,0.0,1.0,,,1.0,0.0,0.0,0.0,0.0,0.0,0.0,0.0,0.0,2026-08-01
NNJ12,NHS England Midlands,Market Harborough,0.0,0.0,324.0,324.0,0.0,0.0,324.0,324.0,0.0,0.0,0.0,0.0,1.0,,,1.0,0.0,0.0,0.0,0.0,0.0,0.0,0.0,0.0,2026-08-01
NNJ13,NHS England Midlands,Melton Mowbray,0.0,0.0,406.0,406.0,0.0,0.0,406.0,406.0,0.0,0.0,0.0,0.0,1.0,,,1.0,0.0,0.0,0.0,0.0,0.0,0.0,0.0,0.0,2026-08-01
NNJ14,NHS England Midlands,Oadby,0.0,0.0,4012.0,4012.0,0.0,0.0,4011.0,4011.0,0.0,0.0,1.0,1.0,0.9997507477567298,,,0.9997507477567298,0.0,0.0,0.0,0.0,0.0,0.0,0.0,0.0,2026-08-01
NNJ15,NHS England Midlands,Rutland Minor Illness And Injury Service (Formerly Wlhh Pre-April 2026),0.0,0.0,640.0,640.0,0.0,0.0,640.0,640.0,0.0,0.0,0.0,0.0,1.0,,,1.0,0.0,0.0,0.0,0.0,0.0,0.0,0.0,0.0,2026-08-01
NQT1I,NHS England South West,Chippenham Community Hospital,0.0,0.0,1817.0,1817.0,0.0,0.0,1800.0,1800.0,0.0,0.0,17.0,17.0,0.9906439185470556,,,0.9906439185470556,0.0,0.0,0.0,0.0,0.0,0.0,0.0,0.0,2026-08-01
NQT5F,NHS England North West,Skelmersdale Walk In Centre,0.0,0.0,1557.0,1557.0,0.0,0.0,1540.0,1540.0,0.0,0.0,17.0,17.0,0.9890815671162492,,,0.9890815671162492,0.0,0.0,0.0,0.0,0.0,0.0,0.0,0.0,2026-08-01
NQT5H,NHS England South West,Paulton Memorial Hospital,0.0,0.0,1305.0,1305.0,0.0,0.0,1304.0,1304.0,0.0,0.0,1.0,1.0,0.9992337164750957,,,0.9992337164750957,0.0,0.0,0.0,0.0,0.0,0.0,0.0,0.0,2026-08-01
NTP11,NHS England South East,Practice Plus Group Hospital - Southampton,0.0,0.0,5365.0,5365.0,0.0,0.0,5225.0,5225.0,0.0,0.0,140.0,140.0,0.9739049394221808,,,0.9739049394221808,0.0,0.0,0.0,0.0,0.0,0.0,0.0,0.0,2026-08-01
NTPAD,NHS England South East,Practice Plus Group Surgical Centre - St Marys Portsmouth,0.0,0.0,5256.0,5256.0,0.0,0.0,5137.0,5137.0,0.0,0.0,119.0,119.0,0.977359208523592,,,0.977359208523592,0.0,0.0,0.0,0.0,0.0,0.0,0.0,0.0,2026-08-01
NTV0B,NHS England South East,Ashford Walk-In-Centre,0.0,0.0,2517.0,2517.0,0.0,0.0,2426.0,2426.0,0.0,0.0,91.0,91.0,0.9638458482320222,,,0.9638458482320222,0.0,0.0,0.0,0.0,0.0,0.0,0.0,0.0,2026-08-01
NTV0W,NHS England South East,Woking Walk In Centre,0.0,0.0,2828.0,2828.0,0.0,0.0,2735.0,2735.0,0.0,0.0,93.0,93.0,0.9671145685997171,,,0.9671145685997171,0.0,0.0,0.0,0.0,0.0,0.0,0.0,0.0,2026-08-01
NV693,NHS England North West,Rossendale Miu & Ooh,0.0,0.0,1044.0,1044.0,0.0,0.0,1044.0,1044.0,0.0,0.0,0.0,0.0,1.0,,,1.0,0.0,0.0,0.0,0.0,0.0,0.0,0.0,0.0,2026-08-01
NVE43,NHS England South East,Hastings GP Led Health Centre,0.0,0.0,1235.0,1235.0,0.0,0.0,1235.0,1235.0,0.0,0.0,0.0,0.0,1.0,,,1.0,0.0,0.0,0.0,0.0,0.0,0.0,0.0,0.0,2026-08-01
R0A,NHS England North West,Manchester University NHS Foundation Trust,28152.0,3859.0,11967.0,43978.0,17452.0,3603.0,11681.0,32736.0,10700.0,256.0,286.0,11242.0,0.7443721860930466,0.6199204319408923,0.9336615703550143,0.976100944263391,5762.0,123.0,114.0,5999.0,387.0,6386.0,2787.0,91.0,2026-08-01
R0B,NHS England North East And Yorkshire,South Tyneside And Sunderland NHS Foundation Trust,12120.0,1477.0,7533.0,21130.0,7858.0,1389.0,7421.0,16668.0,4262.0,88.0,112.0,4462.0,0.7888310459062944,0.6483498349834983,0.940419769803656,0.9851320854905085,4594.0,19.0,0.0,4613.0,1261.0,5874.0,221.0,0.0,2026-08-01
R0D,NHS England South West,University Hospitals Dorset NHS Foundation Trust,16251.0,0.0,4497.0,20748.0,10220.0,0.0,4497.0,14717.0,6031.0,0.0,0.0,6031.0,0.7093213803740119,0.628884376346071,,1.0,4337.0,5.0,0.0,4342.0,2375.0,6717.0,996.0,135.0,2026-08-01
R1D,NHS England Midlands,Shropshire Community Health NHS Trust,0.0,0.0,3409.0,3409.0,0.0,0.0,3383.0,3383.0,0.0,0.0,26.0,26.0,0.992373129950132,,,0.992373129950132,0.0,0.0,0.0,0.0,0.0,0.0,0.0,0.0,2026-08-01
R1F,NHS England South East,Isle Of Wight NHS Trust,4660.0,233.0,1850.0,6743.0,3277.0,233.0,1820.0,5330.0,1383.0,0.0,30.0,1413.0,0.790449354886549,0.7032188841201716,1.0,0.9837837837837838,1481.0,0.0,0.0,1481.0,78.0,1559.0,386.0,118.0,2026-08-01
R1H,NHS England London,Barts Health NHS Trust,25241.0,751.0,17994.0,43986.0,15328.0,743.0,16085.0,32156.0,9913.0,8.0,1909.0,11830.0,0.7310507888873733,0.6072659561824016,0.9893475366178429,0.8939090808047127,3932.0,0.0,22.0,3954.0,1162.0,5116.0,2232.0,1189.0,2026-08-01
R1K,NHS England London,London North West University Healthcare NHS Trust,13874.0,0.0,15224.0,29098.0,7208.0,0.0,15046.0,22254.0,6666.0,0.0,178.0,6844.0,0.7647948312598805,0.5195329393109414,,0.9883079348397268,6069.0,0.0,0.0,6069.0,135.0,6204.0,1235.0,585.0,2026-08-01
RA2,NHS England South East,Royal Surrey NHS Foundation Trust,7449.0,0.0,2405.0,9854.0,4894.0,0.0,2405.0,7299.0,2555.0,0.0,0.0,2555.0,0.7407144306880454,0.6570009397234529,,1.0,2224.0,0.0,0.0,2224.0,750.0,2974.0,412.0,18.0,2026-08-01
RA7,NHS England South West,Bristol NHS Foundation Trust,24619.0,2591.0,0.0,27210.0,17218.0,2348.0,0.0,19566.0,7401.0,243.0,0.0,7644.0,0.7190738699007718,0.6993785287785856,0.9062138170590506,,8011.0,9.0,0.0,8020.0,3660.0,11680.0,1587.0,481.0,2026-08-01
RA9,NHS England South West,Torbay And South Devon NHS Foundation Trust,7404.0,0.0,3794.0,11198.0,3602.0,0.0,3494.0,7096.0,3802.0,0.0,300.0,4102.0,0.6336845865333095,0.48649378714208535,,0.9209277807063785,1609.0,0.0,11.0,1620.0,442.0,2062.0,494.0,166.0,2026-08-01
RAE,NHS England North East And Yorkshire,Bradford Teaching Hospitals NHS Foundation Trust,8727.0,912.0,3473.0,13112.0,6471.0,912.0,3470.0,10853.0,2256.0,0.0,3.0,2259.0,0.8277150701647346,0.7414919216225507,1.0,0.9991361934926577,2500.0,0.0,9.0,2509.0,1060.0,3569.0,714.0,144.0,2026-08-01
RAJ,NHS England East Of England,Mid And South Essex NHS Foundation Trust,27209.0,0.0,8067.0,35276.0,16899.0,0.0,7874.0,24773.0,10310.0,0.0,193.0,10503.0,0.7022621612427713,0.6210812598772465,,0.9760753687864138,8852.0,0.0,120.0,8972.0,1039.0,10011.0,3316.0,1371.0,2026-08-01
RAL,NHS England London,Royal Free London NHS Foundation Trust,25643.0,506.0,15321.0,41470.0,17980.0,506.0,14841.0,33327.0,7663.0,0.0,480.0,8143.0,0.8036411863998071,0.7011660102172133,1.0,0.9686704523203447,6779.0,2.0,101.0,6882.0,724.0,7606.0,2781.0,1946.0,2026-08-01
RAN,NHS England London,Royal National Orthopaedic Hospital NHS Trust,0.0,0.0,0.0,0.0,0.0,0.0,0.0,0.0,0.0,0.0,0.0,0.0,,,,,0.0,0.0,0.0,0.0,30.0,30.0,0.0,0.0,2026-08-01
RAS,NHS England London,The Hillingdon Hospitals NHS Foundation Trust,5562.0,0.0,6563.0,12125.0,3323.0,0.0,6557.0,9880.0,2239.0,0.0,6.0,2245.0,0.8148453608247422,0.5974469615246314,,0.9990857839402713,1743.0,0.0,0.0,1743.0,56.0,1799.0,300.0,15.0,2026-08-01
RAT,NHS England London,North East London NHS Foundation Trust,0.0,0.0,1408.0,1408.0,0.0,0.0,1329.0,1329.0,0.0,0.0,79.0,79.0,0.9438920454545454,,,0.9438920454545454,0.0,0.0,0.0,0.0,0.0,0.0,0.0,0.0,2026-08-01
RAX,NHS England London,Kingston And Richmond NHS Foundation Trust,6977.0,0.0,8218.0,15195.0,3272.0,0.0,7867.0,11139.0,3705.0,0.0,351.0,4056.0,0.7330700888450148,0.4689694711193923,,0.9572888780725237,2562.0,0.0,205.0,2767.0,556.0,3323.0,721.0,462.0,2026-08-01
RBD,NHS England South West,Dorset County Hospital NHS Foundation Trust,5545.0,0.0,4958.0,10503.0,3144.0,0.0,4935.0,8079.0,2401.0,0.0,23.0,2424.0,0.7692087974864324,0.5669972948602344,,0.9953610326744655,2057.0,0.0,0.0,2057.0,497.0,2554.0,215.0,21.0,2026-08-01
RBK,NHS England Midlands,Walsall Healthcare NHS Trust,9626.0,0.0,4461.0,14087.0,6629.0,0.0,4339.0,10968.0,2997.0,0.0,122.0,3119.0,0.7785901895364521,0.688655724080615,,0.9726518717776284,4313.0,0.0,0.0,4313.0,767.0,5080.0,1310.0,162.0,2026-08-01
RBL,NHS England North West,Wirral University Teaching Hospital NHS Foundation Trust,7611.0,0.0,2523.0,10134.0,3315.0,0.0,2017.0,5332.0,4296.0,0.0,506.0,4802.0,0.5261495954213539,0.43555380370516356,,0.79944510503369,2338.0,0.0,0.0,2338.0,1646.0,3984.0,932.0,446.0,2026-08-01
RBN,NHS England North West,Mersey And West Lancashire Teaching Hospitals NHS Trust,17290.0,0.0,7426.0,24716.0,10828.0,0.0,7376.0,18204.0,6462.0,0.0,50.0,6512.0,0.7365269461077845,0.6262579525737421,,0.9932669000807972,8065.0,0.0,0.0,8065.0,875.0,8940.0,1034.0,436.0,2026-08-01
RBQ,NHS England North West,Liverpool Heart And Chest Hospital NHS Foundation Trust,0.0,0.0,0.0,0.0,0.0,0.0,0.0,0.0,0.0,0.0,0.0,0.0,,,,,0.0,0.0,0.0,0.0,105.0,105.0,0.0,0.0,2026-08-01
RBS,NHS England North West,Alder Hey Children's NHS Foundation Trust,4626.0,0.0,0.0,4626.0,4134.0,0.0,0.0,4134.0,492.0,0.0,0.0,492.0,0.893644617380026,0.893644617380026,,,717.0,0.0,0.0,717.0,207.0,924.0,0.0,0.0,2026-08-01
RBT,NHS England North West,Mid Cheshire Hospitals NHS Foundation Trust,7136.0,0.0,3180.0,10316.0,3773.0,0.0,3154.0,6927.0,3363.0,0.0,26.0,3389.0,0.6714811942613416,0.5287275784753364,,0.9918238993710692,2557.0,0.0,0.0,2557.0,726.0,3283.0,1092.0,612.0,2026-08-01
RBV,NHS England North West,The Christie NHS Foundation Trust,0.0,0.0,0.0,0.0,0.0,0.0,0.0,0.0,0.0,0.0,0.0,0.0,,,,,0.0,0.0,0.0,0.0,816.0,816.0,0.0,0.0,2026-08-01
RC9,NHS England East Of England,Bedfordshire Hospitals NHS Foundation Trust,17973.0,0.0,7705.0,25678.0,10709.0,0.0,7705.0,18414.0,7264.0,0.0,0.0,7264.0,0.71711192460472,0.595838201747065,,1.0,4881.0,0.0,0.0,4881.0,2167.0,7048.0,95.0,13.0,2026-08-01
RCB,NHS England North East And Yorkshire,York And Scarborough Teaching Hospitals NHS Foundation Trust,12933.0,19.0,5809.0,18761.0,6411.0,19.0,5373.0,11803.0,6522.0,0.0,436.0,6958.0,0.6291242471083631,0.4957086522848527,1.0,0.9249440523325874,3339.0,0.0,0.0,3339.0,721.0,4060.0,505.0,116.0,2026-08-01
RCD,NHS England North East And Yorkshire,Harrogate And District NHS Foundation Trust,5549.0,0.0,1581.0,7130.0,3799.0,0.0,1581.0,5380.0,1750.0,0.0,0.0,1750.0,0.7545582047685835,0.6846278608758335,,1.0,1093.0,0.0,0.0,1093.0,162.0,1255.0,64.0,0.0,2026-08-01
RCF,NHS England North East And Yorkshire,Airedale NHS Foundation Trust,6520.0,218.0,0.0,6738.0,3787.0,218.0,0.0,4005.0,2733.0,0.0,0.0,2733.0,0.5943900267141585,0.5808282208588957,1.0,,1366.0,0.0,0.0,1366.0,457.0,1823.0,733.0,264.0,2026-08-01
RCU,NHS England North East And Yorkshire,Sheffield Children's NHS Foundation Trust,3874.0,0.0,0.0,3874.0,3576.0,0.0,0.0,3576.0,298.0,0.0,0.0,298.0,0.9230769230769231,0.9230769230769231,,,719.0,0.0,0.0,719.0,67.0,786.0,6.0,0.0,2026-08-01
RCX,NHS England East Of England,"The Queen Elizabeth Hospital, King's Lynn, NHS Foundation Trust",6721.0,0.0,1274.0,7995.0,3781.0,0.0,1274.0,5055.0,2940.0,0.0,0.0,2940.0,0.6322701688555347,0.5625650944799881,,1.0,1866.0,0.0,0.0,1866.0,317.0,2183.0,902.0,151.0,2026-08-01
RD1,NHS England South West,Royal United Hospitals Bath NHS Foundation Trust,8912.0,0.0,0.0,8912.0,4989.0,0.0,0.0,4989.0,3923.0,0.0,0.0,3923.0,0.5598070017953322,0.5598070017953322,,,2764.0,0.0,0.0,2764.0,2005.0,4769.0,993.0,114.0,2026-08-01
RD8,NHS England East Of England,Milton Keynes University Hospital NHS Foundation Trust,8818.0,0.0,5096.0,13914.0,4158.0,0.0,5022.0,9180.0,4660.0,0.0,74.0,4734.0,0.6597671410090556,0.4715354955772284,,0.9854788069073783,2511.0,0.0,0.0,2511.0,466.0,2977.0,1044.0,0.0,2026-08-01
RDE,NHS England East Of England,East Suffolk And North Essex NHS Foundation Trust,12281.0,0.0,13002.0,25283.0,7181.0,0.0,12360.0,19541.0,5100.0,0.0,642.0,5742.0,0.772890875291698,0.584724370979562,,0.9506229810798339,5044.0,0.0,1.0,5045.0,185.0,5230.0,1252.0,675.0,2026-08-01
RDR,NHS England South East,Sussex Community NHS Foundation Trust,0.0,0.0,12195.0,12195.0,0.0,0.0,11963.0,11963.0,0.0,0.0,232.0,232.0,0.9809758097580976,,,0.9809758097580976,0.0,0.0,0.0,0.0,0.0,0.0,0.0,0.0,2026-08-01
RDU,NHS England South East,Frimley Health NHS Foundation Trust,21615.0,698.0,10161.0,32474.0,12577.0,698.0,10067.0,23342.0,9038.0,0.0,94.0,9132.0,0.7187904169489437,0.5818644459865834,1.0,0.9907489420332645,6256.0,0.0,0.0,6256.0,126.0,6382.0,1474.0,460.0,2026-08-01
RDY,NHS England South West,Dorset Healthcare University NHS Foundation Trust,0.0,0.0,0.0,0.0,0.0,0.0,0.0,0.0,0.0,0.0,0.0,0.0,,,,,0.0,0.0,0.0,0.0,0.0,0.0,0.0,0.0,2026-08-01
REF,NHS England South West,Royal Cornwall Hospitals NHS Trust,8238.0,0.0,14208.0,22446.0,3816.0,0.0,13109.0,16925.0,4422.0,0.0,1099.0,5521.0,0.7540318987792926,0.4632192279679534,,0.9226492117117117,2816.0,0.0,39.0,2855.0,1229.0,4084.0,1257.0,571.0,2026-08-01
REM,NHS England North West,Liverpool University Hospitals NHS Foundation Trust,17088.0,2023.0,9872.0,28983.0,8754.0,1999.0,9739.0,20492.0,8334.0,24.0,133.0,8491.0,0.7070351585412138,0.5122893258426966,0.9881364310430054,0.9865275526742301,4856.0,199.0,0.0,5055.0,2266.0,7321.0,1880.0,1027.0,2026-08-01
REP,NHS England North West,Liverpool Women's NHS Foundation Trust,0.0,1506.0,0.0,1506.0,0.0,1381.0,0.0,1381.0,0.0,125.0,0.0,125.0,0.9169986719787516,,0.9169986719787516,,0.0,134.0,0.0,134.0,14.0,148.0,0.0,0.0,2026-08-01
RET,NHS England North West,The Walton Centre NHS Foundation Trust,0.0,0.0,0.0,0.0,0.0,0.0,0.0,0.0,0.0,0.0,0.0,0.0,,,,,0.0,0.0,0.0,0.0,188.0,188.0,0.0,0.0,2026-08-01
RF4,NHS England London,"Barking, Havering And Redbridge University Hospitals NHS Trust",13214.0,2391.0,14379.0,29984.0,8225.0,2141.0,14188.0,24554.0,4989.0,250.0,191.0,5430.0,0.8189034151547492,0.6224458907219615,0.8954412379757424,0.9867167396898254,3682.0,0.0,0.0,3682.0,2514.0,6196.0,1145.0,629.0,2026-08-01
RFF,NHS England North East And Yorkshire,Barnsley Hospital NHS Foundation Trust,9448.0,0.0,0.0,9448.0,7457.0,0.0,0.0,7457.0,1991.0,0.0,0.0,1991.0,0.7892675698560542,0.7892675698560542,,,3267.0,0.0,0.0,3267.0,512.0,3779.0,259.0,9.0,2026-08-01
RFR,NHS England North East And Yorkshire,The Rotherham NHS Foundation Trust,9473.0,0.0,0.0,9473.0,6797.0,0.0,0.0,6797.0,2676.0,0.0,0.0,2676.0,0.7175129314894965,0.7175129314894965,,,1971.0,0.0,0.0,1971.0,518.0,2489.0,487.0,2.0,2026-08-01
RFS,NHS England Midlands,Chesterfield Royal Hospital NHS Foundation Trust,6580.0,0.0,5697.0,12277.0,3242.0,0.0,5664.0,8906.0,3338.0,0.0,33.0,3371.0,0.7254215199152888,0.4927051671732523,,0.9942074776197999,2060.0,0.0,11.0,2071.0,118.0,2189.0,897.0,214.0,2026-08-01
RGN,NHS England East Of England,North West Anglia NHS Foundation Trust,17046.0,0.0,3663.0,20709.0,10638.0,0.0,3490.0,14128.0,6408.0,0.0,173.0,6581.0,0.6822154618764789,0.6240760295670539,,0.9527709527709528,3901.0,0.0,35.0,3936.0,1327.0,5263.0,1159.0,663.0,2026-08-01
RGP,NHS England East Of England,James Paget University Hospitals NHS Foundation Trust,8159.0,0.0,1599.0,9758.0,5016.0,0.0,1599.0,6615.0,3143.0,0.0,0.0,3143.0,0.6779053084648493,0.6147812231891163,,1.0,1655.0,0.0,0.0,1655.0,475.0,2130.0,923.0,373.0,2026-08-01
RGR,NHS England East Of England,West Suffolk NHS Foundation Trust,8107.0,0.0,994.0,9101.0,5921.0,0.0,994.0,6915.0,2186.0,0.0,0.0,2186.0,0.7598066146577299,0.7303564820525472,,1.0,1761.0,0.0,0.0,1761.0,295.0,2056.0,786.0,327.0,2026-08-01
RGT,NHS England East Of England,Cambridge University Hospitals NHS Foundation Trust,11453.0,0.0,5402.0,16855.0,6429.0,0.0,5332.0,11761.0,5024.0,0.0,70.0,5094.0,0.6977751409077425,0.5613376407928053,,0.9870418363569049,2685.0,0.0,36.0,2721.0,435.0,3156.0,897.0,396.0,2026-08-01
RH5,NHS England South West,Somerset NHS Foundation Trust,12496.0,0.0,9211.0,21707.0,6877.0,0.0,8978.0,15855.0,5619.0,0.0,233.0,5852.0,0.7304095453079652,0.5503361075544174,,0.9747041580718706,3180.0,0.0,0.0,3180.0,1652.0,4832.0,459.0,32.0,2026-08-01
RH8,NHS England South West,Royal Devon University Healthcare NHS Foundation Trust,15321.0,0.0,5076.0,20397.0,7995.0,0.0,5060.0,13055.0,7326.0,0.0,16.0,7342.0,0.6400451046722557,0.5218327785392598,,0.9968479117415288,3239.0,0.0,0.0,3239.0,1796.0,5035.0,1184.0,200.0,2026-08-01
RHM,NHS England South East,University Hospital Southampton NHS Foundation Trust,11558.0,1244.0,0.0,12802.0,7689.0,1227.0,0.0,8916.0,3869.0,17.0,0.0,3886.0,0.6964536791126387,0.6652535040664475,0.9863344051446945,,3705.0,7.0,0.0,3712.0,1620.0,5332.0,451.0,0.0,2026-08-01
RHQ,NHS England North East And Yorkshire,Sheffield Teaching Hospitals NHS Foundation Trust,9312.0,1191.0,8012.0,18515.0,4351.0,1191.0,7510.0,13052.0,4961.0,0.0,502.0,5463.0,0.704941938968404,0.46724656357388317,1.0,0.937343984023964,2945.0,0.0,0.0,2945.0,3374.0,6319.0,835.0,9.0,2026-08-01
RHU,NHS England South East,Portsmouth Hospitals University NHS Trust,12872.0,1015.0,4092.0,17979.0,7765.0,1008.0,4048.0,12821.0,5107.0,7.0,44.0,5158.0,0.7131097391401079,0.603247358607831,0.993103448275862,0.989247311827957,3140.0,0.0,0.0,3140.0,2541.0,5681.0,1809.0,965.0,2026-08-01
RHW,NHS England South East,Royal Berkshire NHS Foundation Trust,12113.0,2763.0,3242.0,18118.0,7785.0,2628.0,3242.0,13655.0,4328.0,135.0,0.0,4463.0,0.7536703830444862,0.6426979278461158,0.9511400651465798,1.0,2297.0,0.0,0.0,2297.0,319.0,2616.0,519.0,0.0,2026-08-01
RJ1,NHS England London,Guy's And St Thomas' NHS Foundation Trust,10514.0,0.0,7133.0,17647.0,6292.0,0.0,6967.0,13259.0,4222.0,0.0,166.0,4388.0,0.7513458378194594,0.5984401750047555,,0.9767278844805832,2099.0,0.0,0.0,2099.0,286.0,2385.0,229.0,80.0,2026-08-01
RJ2,NHS England London,Lewisham And Greenwich NHS Trust,15343.0,0.0,18488.0,33831.0,7089.0,0.0,18085.0,25174.0,8254.0,0.0,403.0,8657.0,0.7441104312612693,0.4620348041452128,,0.9782020770229338,4548.0,0.0,0.0,4548.0,564.0,5112.0,1648.0,557.0,2026-08-01
RJ6,NHS England London,Croydon Health Services NHS Trust,12853.0,0.0,4784.0,17637.0,8113.0,0.0,4784.0,12897.0,4740.0,0.0,0.0,4740.0,0.7312468106820887,0.6312145024507897,,1.0,1097.0,0.0,0.0,1097.0,149.0,1246.0,896.0,594.0,2026-08-01
RJ7,NHS England London,St George's University Hospitals NHS Foundation Trust,9469.0,0.0,3886.0,13355.0,7094.0,0.0,3816.0,10910.0,2375.0,0.0,70.0,2445.0,0.8169225009359791,0.7491815397613264,,0.981986618630983,1879.0,0.0,0.0,1879.0,716.0,2595.0,801.0,399.0,2026-08-01
RJ8,NHS England South West,Cornwall Partnership NHS Foundation Trust,0.0,0.0,0.0,0.0,0.0,0.0,0.0,0.0,0.0,0.0,0.0,0.0,,,,,0.0,0.0,14.0,14.0,66.0,80.0,0.0,0.0,2026-08-01
RJC,NHS England Midlands,South Warwickshire University NHS Foundation Trust,8512.0,0.0,448.0,8960.0,6040.0,0.0,448.0,6488.0,2472.0,0.0,0.0,2472.0,0.7241071428571428,0.7095864661654135,,1.0,1807.0,0.0,0.0,1807.0,567.0,2374.0,432.0,121.0,2026-08-01
RJE,NHS England Midlands,University Hospitals Of North Midlands NHS Trust,15857.0,495.0,8612.0,24964.0,7642.0,495.0,8531.0,16668.0,8215.0,0.0,81.0,8296.0,0.6676814613042782,0.481932269660087,1.0,0.9905945192754296,4791.0,0.0,0.0,4791.0,1109.0,5900.0,1749.0,675.0,2026-08-01
RJL,NHS England North East And Yorkshire,Northern Lincolnshire And Goole NHS Foundation Trust,10381.0,0.0,6299.0,16680.0,5174.0,0.0,6223.0,11397.0,5207.0,0.0,76.0,5283.0,0.6832733812949641,0.4984105577497351,,0.9879345927925067,5335.0,0.0,0.0,5335.0,298.0,5633.0,1300.0,798.0,2026-08-01
RJN,NHS England North West,East Cheshire NHS Trust,4483.0,0.0,85.0,4568.0,2394.0,0.0,85.0,2479.0,2089.0,0.0,0.0,2089.0,0.5426882661996497,0.5340173990631274,,1.0,818.0,0.0,0.0,818.0,234.0,1052.0,574.0,397.0,2026-08-01
RJR,NHS England North West,Countess Of Chester Hospital NHS Foundation Trust,5941.0,0.0,2522.0,8463.0,2956.0,0.0,2200.0,5156.0,2985.0,0.0,322.0,3307.0,0.609240222143448,0.49755933344554787,,0.8723235527359239,1914.0,0.0,0.0,1914.0,1076.0,2990.0,1068.0,628.0,2026-08-01
RJZ,NHS England London,King's College Hospital NHS Foundation Trust,15083.0,0.0,10311.0,25394.0,8347.0,0.0,9888.0,18235.0,6736.0,0.0,423.0,7159.0,0.7180830117350555,0.5534044951269641,,0.9589758510328775,3613.0,0.0,0.0,3613.0,317.0,3930.0,1832.0,460.0,2026-08-01
RK5,NHS England Midlands,Sherwood Forest Hospitals NHS Foundation Trust,11204.0,0.0,5432.0,16636.0,6903.0,0.0,4998.0,11901.0,4301.0,0.0,434.0,4735.0,0.7153762923779755,0.6161192431274545,,0.9201030927835051,3667.0,0.0,0.0,3667.0,213.0,3880.0,1027.0,236.0,2026-08-01
RK9,NHS England South West,University Hospitals Plymouth NHS Trust,8842.0,94.0,8436.0,17372.0,2971.0,84.0,8205.0,11260.0,5871.0,10.0,231.0,6112.0,0.6481694681096016,0.3360099524994345,0.8936170212765957,0.9726173541963016,2492.0,0.0,25.0,2517.0,818.0,3335.0,1489.0,341.0,2026-08-01
RKB,NHS England Midlands,University Hospitals Coventry And Warwickshire NHS Trust,12771.0,2512.0,5334.0,20617.0,7611.0,2427.0,5281.0,15319.0,5160.0,85.0,53.0,5298.0,0.743027598583693,0.5959595959595959,0.9661624203821656,0.990063742032246,1227.0,43.0,49.0,1319.0,324.0,1643.0,71.0,12.0,2026-08-01
RKE,NHS England London,Whittington Health NHS Trust,9000.0,0.0,0.0,9000.0,6444.0,0.0,0.0,6444.0,2556.0,0.0,0.0,2556.0,0.716,0.716,,,1264.0,0.0,0.0,1264.0,36.0,1300.0,476.0,170.0,2026-08-01
RL1,NHS England Midlands,The Robert Jones And Agnes Hunt Orthopaedic Hospital NHS Foundation Trust,0.0,0.0,0.0,0.0,0.0,0.0,0.0,0.0,0.0,0.0,0.0,0.0,,,,,0.0,0.0,0.0,0.0,41.0,41.0,0.0,0.0,2026-08-01
RL4,NHS England Midlands,The Royal Wolverhampton NHS Trust,11154.0,1631.0,7175.0,19960.0,7170.0,1610.0,7101.0,15881.0,3984.0,21.0,74.0,4079.0,0.7956412825651302,0.6428187197417967,0.9871244635193133,0.9896864111498258,6295.0,0.0,60.0,6355.0,659.0,7014.0,1411.0,600.0,2026-08-01
RLQ,NHS England Midlands,Wye Valley NHS Trust,6338.0,927.0,195.0,7460.0,3642.0,927.0,195.0,4764.0,2696.0,0.0,0.0,2696.0,0.6386058981233244,0.5746292205743136,1.0,1.0,1427.0,0.0,0.0,1427.0,142.0,1569.0,536.0,121.0,2026-08-01
RLT,NHS England Midlands,George Eliot Hospital NHS Trust,7241.0,0.0,1774.0,9015.0,6135.0,0.0,1772.0,7907.0,1106.0,0.0,2.0,1108.0,0.8770937326677759,0.8472586659301201,,0.9988726042841037,1168.0,0.0,1.0,1169.0,0.0,1169.0,718.0,330.0,2026-08-01
RM1,NHS England East Of England,Norfolk And Norwich University Hospitals NHS Foundation Trust,13608.0,0.0,8351.0,21959.0,9683.0,0.0,8346.0,18029.0,3925.0,0.0,5.0,3930.0,0.821030101552894,0.7115667254556144,,0.9994012693090648,2495.0,0.0,0.0,2495.0,1418.0,3913.0,887.0,138.0,2026-08-01
RM3,NHS England North West,Northern Care Alliance NHS Foundation Trust,25667.0,0.0,8818.0,34485.0,16165.0,0.0,8550.0,24715.0,9502.0,0.0,268.0,9770.0,0.7166884152530085,0.6297970156231737,,0.9696076207756861,7604.0,0.0,350.0,7954.0,2288.0,10242.0,1749.0,794.0,2026-08-01
RMC,NHS England North West,Bolton NHS Foundation Trust,7981.0,0.0,3860.0,11841.0,4302.0,0.0,3614.0,7916.0,3679.0,0.0,246.0,3925.0,0.6685246178532218,0.5390301967172033,,0.9362694300518135,2254.0,0.0,127.0,2381.0,573.0,2954.0,859.0,470.0,2026-08-01
RMP,NHS England North West,Tameside And Glossop Integrated Care NHS Foundation Trust,8845.0,0.0,2036.0,10881.0,4947.0,0.0,2033.0,6980.0,3898.0,0.0,3.0,3901.0,0.6414851576141899,0.5592990390050876,,0.9985265225933202,1539.0,0.0,0.0,1539.0,274.0,1813.0,683.0,358.0,2026-08-01
RN3,NHS England South West,Great Western Hospitals NHS Foundation Trust,7255.0,0.0,4417.0,11672.0,3591.0,0.0,3855.0,7446.0,3664.0,0.0,562.0,4226.0,0.6379369431117203,0.49496898690558233,,0.8727643196739868,2654.0,0.0,0.0,2654.0,1127.0,3781.0,863.0,281.0,2026-08-01
RN5,NHS England South East,Hampshire Hospitals NHS Foundation Trust,9903.0,67.0,4507.0,14477.0,4743.0,67.0,4158.0,8968.0,5160.0,0.0,349.0,5509.0,0.6194653588450646,0.4789457740078764,1.0,0.9225648990459285,3430.0,2.0,28.0,3460.0,863.0,4323.0,152.0,18.0,2026-08-01
RN7,NHS England South East,Dartford And Gravesham NHS Trust,11462.0,0.0,3907.0,15369.0,8466.0,0.0,3870.0,12336.0,2996.0,0.0,37.0,3033.0,0.8026546945149327,0.7386145524341302,,0.9905298182748912,3767.0,0.0,0.0,3767.0,286.0,4053.0,934.0,479.0,2026-08-01
RNA,NHS England Midlands,The Dudley Group NHS Foundation Trust,10231.0,0.0,4183.0,14414.0,6920.0,0.0,4129.0,11049.0,3311.0,0.0,54.0,3365.0,0.7665464132093798,0.6763757208484019,,0.9870906048290701,3347.0,0.0,0.0,3347.0,2398.0,5745.0,909.0,90.0,2026-08-01
RNN,NHS England North East And Yorkshire,North Cumbria Integrated Care NHS Foundation Trust,8924.0,0.0,3235.0,12159.0,4548.0,0.0,3135.0,7683.0,4376.0,0.0,100.0,4476.0,0.6318776215149272,0.5096369341102645,,0.9690880989180835,2200.0,0.0,0.0,2200.0,399.0,2599.0,729.0,259.0,2026-08-01
RNQ,NHS England Midlands,Kettering General Hospital NHS Foundation Trust,10565.0,0.0,8650.0,19215.0,6628.0,0.0,8637.0,15265.0,3937.0,0.0,13.0,3950.0,0.794431433775696,0.6273544723142451,,0.9984971098265896,1909.0,0.0,0.0,1909.0,235.0,2144.0,1199.0,697.0,2026-08-01
RNS,NHS England Midlands,Northampton General Hospital NHS Trust,10937.0,635.0,1708.0,13280.0,6767.0,612.0,1705.0,9084.0,4170.0,23.0,3.0,4196.0,0.6840361445783133,0.6187254274481119,0.9637795275590552,0.9982435597189696,2412.0,0.0,0.0,2412.0,375.0,2787.0,1219.0,848.0,2026-08-01
RNU,NHS England South East,Oxford Health NHS Foundation Trust,0.0,0.0,4733.0,4733.0,0.0,0.0,4625.0,4625.0,0.0,0.0,108.0,108.0,0.9771814916543419,,,0.9771814916543419,0.0,0.0,0.0,0.0,0.0,0.0,0.0,0.0,2026-08-01
RNZ,NHS England South West,Salisbury NHS Foundation Trust,4951.0,295.0,2358.0,7604.0,2467.0,295.0,2358.0,5120.0,2484.0,0.0,0.0,2484.0,0.6733298264071541,0.4982831751161382,1.0,1.0,1202.0,0.0,0.0,1202.0,808.0,2010.0,642.0,298.0,2026-08-01
RP5,NHS England North East And Yorkshire,Doncaster And Bassetlaw Teaching Hospitals NHS Foundation Trust,13785.0,0.0,3571.0,17356.0,9382.0,0.0,3570.0,12952.0,4403.0,0.0,1.0,4404.0,0.7462548974418068,0.680594849474066,,0.9997199663959675,3820.0,0.0,343.0,4163.0,842.0,5005.0,1527.0,220.0,2026-08-01
RP6,NHS England London,Moorfields Eye Hospital NHS Foundation Trust,0.0,6572.0,0.0,6572.0,0.0,6428.0,0.0,6428.0,0.0,144.0,0.0,144.0,0.9780888618381011,,0.9780888618381011,,0.0,3.0,0.0,3.0,225.0,228.0,0.0,0.0,2026-08-01
RPA,NHS England South East,Medway NHS Foundation Trust,9547.0,0.0,6476.0,16023.0,5923.0,0.0,5714.0,11637.0,3624.0,0.0,762.0,4386.0,0.7262684890469949,0.6204043154917775,,0.8823347745521927,1652.0,0.0,0.0,1652.0,451.0,2103.0,1014.0,695.0,2026-08-01
RPC,NHS England South East,Queen Victoria Hospital NHS Foundation Trust,0.0,0.0,1394.0,1394.0,0.0,0.0,1394.0,1394.0,0.0,0.0,0.0,0.0,1.0,,,1.0,0.0,0.0,5.0,5.0,575.0,580.0,0.0,0.0,2026-08-01
RQ3,NHS England Midlands,Birmingham Women's And Children's NHS Foundation Trust,3730.0,0.0,816.0,4546.0,3444.0,0.0,816.0,4260.0,286.0,0.0,0.0,286.0,0.9370875494940607,0.9233243967828418,,1.0,517.0,0.0,0.0,517.0,190.0,707.0,12.0,1.0,2026-08-01
RQM,NHS England London,Chelsea And Westminster Hospital NHS Foundation Trust,20296.0,0.0,6313.0,26609.0,15397.0,0.0,6066.0,21463.0,4899.0,0.0,247.0,5146.0,0.8066067871772709,0.7586223886480095,,0.9608743861872326,2927.0,0.0,0.0,2927.0,317.0,3244.0,636.0,61.0,2026-08-01
RQW,NHS England East Of England,The Princess Alexandra Hospital NHS Trust,8711.0,0.0,2177.0,10888.0,6220.0,0.0,2177.0,8397.0,2491.0,0.0,0.0,2491.0,0.7712160176340925,0.7140397198943864,,1.0,1781.0,0.0,0.0,1781.0,362.0,2143.0,778.0,267.0,2026-08-01
RQX,NHS England London,Homerton Healthcare NHS Foundation Trust,11151.0,0.0,0.0,11151.0,9297.0,0.0,0.0,9297.0,1854.0,0.0,0.0,1854.0,0.8337368845843423,0.8337368845843423,,,1819.0,0.0,0.0,1819.0,303.0,2122.0,180.0,19.0,2026-08-01
RR7,NHS England North East And Yorkshire,Gateshead Health NHS Foundation Trust,5393.0,0.0,4662.0,10055.0,3408.0,0.0,4627.0,8035.0,1985.0,0.0,35.0,2020.0,0.7991049229239184,0.631930279992583,,0.9924924924924925,1774.0,0.0,0.0,1774.0,47.0,1821.0,482.0,4.0,2026-08-01
RR8,NHS England North East And Yorkshire,Leeds Teaching Hospitals NHS Trust,19156.0,636.0,8929.0,28721.0,12543.0,636.0,8869.0,22048.0,6613.0,0.0,60.0,6673.0,0.767661293130462,0.6547817916057632,1.0,0.9932803225445178,3605.0,0.0,0.0,3605.0,1158.0,4763.0,1766.0,342.0,2026-08-01
RRF,NHS England North West,"Wrightington, Wigan And Leigh Teaching Hospitals NHS Foundation Trust",6856.0,0.0,5443.0,12299.0,3385.0,0.0,5357.0,8742.0,3471.0,0.0,86.0,3557.0,0.7107894950809008,0.4937281213535589,,0.9841998897666728,2470.0,0.0,0.0,2470.0,723.0,3193.0,440.0,235.0,2026-08-01
RRK,NHS England Midlands,University Hospitals Birmingham NHS Foundation Trust,33685.0,401.0,11343.0,45429.0,19683.0,401.0,11223.0,31307.0,14002.0,0.0,120.0,14122.0,0.689141297409144,0.5843253673742022,1.0,0.9894207881512828,10067.0,0.0,0.0,10067.0,7250.0,17317.0,3817.0,1990.0,2026-08-01
RRV,NHS England London,University College London Hospitals NHS Foundation Trust,13573.0,0.0,0.0,13573.0,10170.0,0.0,0.0,10170.0,3403.0,0.0,0.0,3403.0,0.7492816621233331,0.7492816621233331,,,1398.0,0.0,0.0,1398.0,377.0,1775.0,535.0,131.0,2026-08-01
RTD,NHS England North East And Yorkshire,The Newcastle Upon Tyne Hospitals NHS Foundation Trust,11810.0,1620.0,9096.0,22526.0,6825.0,1546.0,8972.0,17343.0,4985.0,74.0,124.0,5183.0,0.7699103258456894,0.5779000846740051,0.9543209876543209,0.98636763412489,3618.0,24.0,0.0,3642.0,2877.0,6519.0,287.0,16.0,2026-08-01
RTE,NHS England South West,Gloucestershire Hospitals NHS Foundation Trust,14185.0,0.0,0.0,14185.0,9195.0,0.0,0.0,9195.0,4990.0,0.0,0.0,4990.0,0.6482199506520973,0.6482199506520973,,,2508.0,0.0,0.0,2508.0,2651.0,5159.0,673.0,333.0,2026-08-01
RTF,NHS England North East And Yorkshire,Northumbria Healthcare NHS Foundation Trust,10637.0,0.0,14174.0,24811.0,8612.0,0.0,14174.0,22786.0,2025.0,0.0,0.0,2025.0,0.9183829752932167,0.8096267744664849,,1.0,4525.0,0.0,16.0,4541.0,497.0,5038.0,6.0,0.0,2026-08-01
RTG,NHS England Midlands,University Hospitals Of Derby And Burton NHS Foundation Trust,21589.0,0.0,9227.0,30816.0,11503.0,0.0,9220.0,20723.0,10086.0,0.0,7.0,10093.0,0.6724753374870197,0.5328176386122563,,0.9992413568873957,4118.0,0.0,1.0,4119.0,2368.0,6487.0,1345.0,334.0,2026-08-01
RTH,NHS England South East,Oxford University Hospitals NHS Foundation Trust,14059.0,1348.0,2790.0,18197.0,10643.0,1348.0,2750.0,14741.0,3416.0,0.0,40.0,3456.0,0.810078584382041,0.7570239704104132,1.0,0.985663082437276,5050.0,107.0,8.0,5165.0,3988.0,9153.0,316.0,6.0,2026-08-01
RTK,NHS England South East,Ashford And St Peter's Hospitals NHS Foundation Trust,7469.0,0.0,2490.0,9959.0,4355.0,0.0,2463.0,6818.0,3114.0,0.0,27.0,3141.0,0.6846068882417914,0.5830767170973357,,0.9891566265060241,2323.0,0.0,0.0,2323.0,477.0,2800.0,796.0,276.0,2026-08-01
RTP,NHS England South East,Surrey And Sussex Healthcare NHS Trust,10271.0,0.0,0.0,10271.0,5418.0,0.0,0.0,5418.0,4853.0,0.0,0.0,4853.0,0.5275046246714049,0.5275046246714049,,,3094.0,0.0,0.0,3094.0,841.0,3935.0,1104.0,504.0,2026-08-01
RTQ,NHS England South West,Gloucestershire Health And Care NHS Foundation Trust,0.0,0.0,8732.0,8732.0,0.0,0.0,8335.0,8335.0,0.0,0.0,397.0,397.0,0.9545350435180944,,,0.9545350435180944,0.0,0.0,1.0,1.0,41.0,42.0,0.0,0.0,2026-08-01
RTR,NHS England North East And Yorkshire,South Tees Hospitals NHS Foundation Trust,7645.0,0.0,11490.0,19135.0,3796.0,0.0,11219.0,15015.0,3849.0,0.0,271.0,4120.0,0.7846877449699503,0.49653368214519294,,0.976414273281114,2353.0,0.0,400.0,2753.0,2072.0,4825.0,224.0,5.0,2026-08-01
RTX,NHS England North West,University Hospitals Of Morecambe Bay NHS Foundation Trust,9209.0,0.0,5161.0,14370.0,5373.0,0.0,5070.0,10443.0,3836.0,0.0,91.0,3927.0,0.7267223382045929,0.5834509718753393,,0.982367758186398,3096.0,0.0,7.0,3103.0,986.0,4089.0,1314.0,666.0,2026-08-01
RV9,NHS England North East And Yorkshire,Humber Teaching NHS Foundation Trust,0.0,0.0,1226.0,1226.0,0.0,0.0,1219.0,1219.0,0.0,0.0,7.0,7.0,0.9942903752039152,,,0.9942903752039152,0.0,0.0,0.0,0.0,0.0,0.0,0.0,0.0,2026-08-01
RVR,NHS England London,Epsom And St Helier University Hospitals NHS Trust,10658.0,0.0,3309.0,13967.0,6813.0,0.0,2700.0,9513.0,3845.0,0.0,609.0,4454.0,0.681105462876781,0.6392381309814225,,0.8159564823209429,1967.0,0.0,0.0,1967.0,261.0,2228.0,1272.0,647.0,2026-08-01
RVV,NHS England South East,East Kent Hospitals University NHS Foundation Trust,13068.0,0.0,12898.0,25966.0,5926.0,0.0,12268.0,18194.0,7142.0,0.0,630.0,7772.0,0.7006855118231533,0.4534741352923171,,0.9511552178632346,2963.0,0.0,571.0,3534.0,519.0,4053.0,1697.0,1106.0,2026-08-01
RVW,NHS England North East And Yorkshire,North Tees And Hartlepool NHS Foundation Trust,5028.0,0.0,10702.0,15730.0,2338.0,0.0,10691.0,13029.0,2690.0,0.0,11.0,2701.0,0.8282898919262556,0.46499602227525855,,0.9989721547374323,1581.0,0.0,507.0,2088.0,2113.0,4201.0,133.0,5.0,2026-08-01
RW1,NHS England South East,Hampshire And Isle Of Wight Healthcare NHS Foundation Trust,0.0,0.0,2950.0,2950.0,0.0,0.0,2924.0,2924.0,0.0,0.0,26.0,26.0,0.9911864406779661,,,0.9911864406779661,0.0,0.0,0.0,0.0,125.0,125.0,0.0,0.0,2026-08-01
RW4,NHS England North West,Mersey Care NHS Foundation Trust,0.0,0.0,12971.0,12971.0,0.0,0.0,12838.0,12838.0,0.0,0.0,133.0,133.0,0.9897463572584997,,,0.9897463572584997,0.0,0.0,0.0,0.0,49.0,49.0,0.0,0.0,2026-08-01
RWA,NHS England North East And Yorkshire,Hull University Teaching Hospitals NHS Trust,10084.0,0.0,4212.0,14296.0,4898.0,0.0,3873.0,8771.0,5186.0,0.0,339.0,5525.0,0.6135282596530498,0.48571995239984134,,0.9195156695156695,3720.0,0.0,0.0,3720.0,1969.0,5689.0,1133.0,270.0,2026-08-01
RWD,NHS England Midlands,United Lincolnshire Teaching Hospitals NHS Trust,17516.0,0.0,4229.0,21745.0,11759.0,0.0,3844.0,15603.0,5757.0,0.0,385.0,6142.0,0.7175442630489768,0.6713290705640558,,0.9089619295341689,4890.0,0.0,0.0,4890.0,1237.0,6127.0,1748.0,945.0,2026-08-01
RWE,NHS England Midlands,University Hospitals Of Leicester NHS Trust,22359.0,2027.0,0.0,24386.0,13696.0,1927.0,0.0,15623.0,8663.0,100.0,0.0,8763.0,0.6406544738784549,0.6125497562502795,0.9506660088801184,,6470.0,7.0,0.0,6477.0,3533.0,10010.0,1613.0,540.0,2026-08-01
RWF,NHS England South East,Maidstone And Tunbridge Wells NHS Trust,20165.0,0.0,2145.0,22310.0,14874.0,0.0,2135.0,17009.0,5291.0,0.0,10.0,5301.0,0.7623935454952936,0.7376146788990826,,0.9953379953379954,2225.0,0.0,0.0,2225.0,645.0,2870.0,1179.0,272.0,2026-08-01
RWG,NHS England East Of England,West Hertfordshire Teaching Hospitals NHS Trust,8036.0,0.0,9154.0,17190.0,6292.0,0.0,9108.0,15400.0,1744.0,0.0,46.0,1790.0,0.89586969168121,0.7829766052762569,,0.9949748743718593,5255.0,0.0,0.0,5255.0,448.0,5703.0,620.0,23.0,2026-08-01
RWH,NHS England East Of England,East And North Hertfordshire Teaching NHS Trust,8854.0,0.0,8233.0,17087.0,4582.0,0.0,8161.0,12743.0,4272.0,0.0,72.0,4344.0,0.7457716392579153,0.5175062118816354,,0.9912547066682862,2182.0,0.0,2.0,2184.0,386.0,2570.0,460.0,81.0,2026-08-01
RWJ,NHS England North West,Stockport NHS Foundation Trust,8338.0,0.0,2371.0,10709.0,5434.0,0.0,2296.0,7730.0,2904.0,0.0,75.0,2979.0,0.7218227658978429,0.6517150395778364,,0.9683677773091522,2603.0,0.0,52.0,2655.0,865.0,3520.0,556.0,115.0,2026-08-01
RWP,NHS England Midlands,Worcestershire Acute Hospitals NHS Trust,14853.0,0.0,6331.0,21184.0,7607.0,0.0,6267.0,13874.0,7246.0,0.0,64.0,7310.0,0.6549282477341389,0.5121524271191005,,0.9898910124782815,3247.0,0.0,0.0,3247.0,788.0,4035.0,1916.0,1072.0,2026-08-01
RWW,NHS England North West,North Cheshire And Mersey NHS Foundation Trust,7046.0,0.0,6433.0,13479.0,3804.0,0.0,6370.0,10174.0,3242.0,0.0,63.0,3305.0,0.7548037688255805,0.5398807834232189,,0.9902067464635473,1724.0,0.0,0.0,1724.0,115.0,1839.0,1358.0,882.0,2026-08-01
RWX,NHS England South East,Berkshire Healthcare NHS Foundation Trust,0.0,0.0,1382.0,1382.0,0.0,0.0,1365.0,1365.0,0.0,0.0,17.0,17.0,0.9876989869753979,,,0.9876989869753979,0.0,0.0,45.0,45.0,0.0,45.0,0.0,0.0,2026-08-01
RWY,NHS England North East And Yorkshire,Calderdale And Huddersfield NHS Foundation Trust,15380.0,0.0,0.0,15380.0,13214.0,0.0,0.0,13214.0,2166.0,0.0,0.0,2166.0,0.8591677503250975,0.8591677503250975,,,2782.0,0.0,0.0,2782.0,171.0,2953.0,1236.0,70.0,2026-08-01
RX1,NHS England Midlands,Nottingham University Hospitals NHS Trust,12682.0,1993.0,10531.0,25206.0,5397.0,1889.0,9703.0,16989.0,7285.0,104.0,828.0,8217.0,0.6740061890026184,0.42556379120012616,0.9478173607626693,0.9213749881302821,3464.0,0.0,1433.0,4897.0,3821.0,8718.0,1202.0,1015.0,2026-08-01
RXC,NHS England South East,East Sussex Healthcare NHS Trust,12399.0,0.0,3578.0,15977.0,7862.0,0.0,3524.0,11386.0,4537.0,0.0,54.0,4591.0,0.7126494335607436,0.6340833938220825,,0.9849077697037452,2489.0,0.0,0.0,2489.0,536.0,3025.0,463.0,288.0,2026-08-01
RXF,NHS England North East And Yorkshire,Mid Yorkshire Teaching NHS Trust,16298.0,114.0,6344.0,22756.0,9907.0,114.0,6183.0,16204.0,6391.0,0.0,161.0,6552.0,0.7120759360168747,0.607865995827709,1.0,0.9746216897856242,3302.0,0.0,148.0,3450.0,743.0,4193.0,2188.0,156.0,2026-08-01
RXG,NHS England North East And Yorkshire,South West Yorkshire Partnership Teaching NHS Foundation Trust,0.0,0.0,0.0,0.0,0.0,0.0,0.0,0.0,0.0,0.0,0.0,0.0,,,,,0.0,0.0,0.0,0.0,117.0,117.0,0.0,0.0,2026-08-01
RXK,NHS England Midlands,Sandwell And West Birmingham Hospitals NHS Trust,11707.0,1271.0,7980.0,20958.0,6606.0,1047.0,7886.0,15539.0,5101.0,224.0,94.0,5419.0,0.7414352514552915,0.5642777825232766,0.8237608182533438,0.9882205513784461,2686.0,0.0,22.0,2708.0,53.0,2761.0,991.0,273.0,2026-08-01
RXL,NHS England North West,Blackpool Teaching Hospitals NHS Foundation Trust,9053.0,0.0,9716.0,18769.0,4673.0,0.0,9510.0,14183.0,4380.0,0.0,206.0,4586.0,0.7556609302573393,0.5161824809455429,,0.9787978592013175,1752.0,0.0,0.0,1752.0,2374.0,4126.0,805.0,428.0,2026-08-01
RXN,NHS England North West,Lancashire Teaching Hospitals NHS Foundation Trust,12585.0,0.0,3233.0,15818.0,8478.0,0.0,3000.0,11478.0,4107.0,0.0,233.0,4340.0,0.7256290302187381,0.6736591179976162,,0.9279307145066502,3312.0,0.0,95.0,3407.0,1070.0,4477.0,1340.0,394.0,2026-08-01
RXP,NHS England North East And Yorkshire,County Durham And Darlington NHS Foundation Trust,12333.0,0.0,10585.0,22918.0,7265.0,0.0,10585.0,17850.0,5068.0,0.0,0.0,5068.0,0.7788637751985339,0.5890699748641856,,1.0,4127.0,0.0,0.0,4127.0,600.0,4727.0,1751.0,27.0,2026-08-01
RXQ,NHS England South East,Buckinghamshire Healthcare NHS Trust,9188.0,1142.0,3007.0,13337.0,6281.0,1142.0,2943.0,10366.0,2907.0,0.0,64.0,2971.0,0.7772362600284921,0.6836090552895081,1.0,0.9787163285666778,3946.0,822.0,0.0,4768.0,320.0,5088.0,319.0,134.0,2026-08-01
RXR,NHS England North West,East Lancashire Hospitals NHS Trust,13548.0,0.0,10803.0,24351.0,8824.0,0.0,10020.0,18844.0,4724.0,0.0,783.0,5507.0,0.773849123239292,0.651313847062297,,0.9275201332963066,3584.0,0.0,93.0,3677.0,2020.0,5697.0,1095.0,863.0,2026-08-01
RXW,NHS England Midlands,The Shrewsbury And Telford Hospital NHS Trust,11181.0,0.0,2548.0,13729.0,4843.0,0.0,2268.0,7111.0,6338.0,0.0,280.0,6618.0,0.5179546944424211,0.43314551471245866,,0.8901098901098901,3570.0,0.0,180.0,3750.0,1952.0,5702.0,1823.0,1399.0,2026-08-01
RY4,NHS England East Of England,Hertfordshire Community NHS Trust,0.0,0.0,1068.0,1068.0,0.0,0.0,974.0,974.0,0.0,0.0,94.0,94.0,0.9119850187265918,,,0.9119850187265918,0.0,0.0,0.0,0.0,0.0,0.0,0.0,0.0,2026-08-01
RY5,NHS England Midlands,Lincolnshire Community Health Services NHS Trust,0.0,0.0,9083.0,9083.0,0.0,0.0,8748.0,8748.0,0.0,0.0,335.0,335.0,0.9631179125839481,,,0.9631179125839481,0.0,0.0,0.0,0.0,0.0,0.0,0.0,0.0,2026-08-01
RY7,NHS England North West,Wirral Community Health And Care NHS Foundation Trust,0.0,0.0,4024.0,4024.0,0.0,0.0,3729.0,3729.0,0.0,0.0,295.0,295.0,0.92668986083499,,,0.92668986083499,0.0,0.0,0.0,0.0,0.0,0.0,0.0,0.0,2026-08-01
RY8,NHS England Midlands,Derbyshire Community Health Services NHS Foundation Trust,0.0,0.0,8718.0,8718.0,0.0,0.0,8407.0,8407.0,0.0,0.0,311.0,311.0,0.9643266804312915,,,0.9643266804312915,0.0,0.0,0.0,0.0,0.0,0.0,0.0,0.0,2026-08-01
RYF,NHS England South West,South Western Ambulance Service NHS Foundation Trust,0.0,0.0,2035.0,2035.0,0.0,0.0,1949.0,1949.0,0.0,0.0,86.0,86.0,0.9577395577395578,,,0.9577395577395578,0.0,0.0,0.0,0.0,0.0,0.0,0.0,0.0,2026-08-01
RYG,NHS England Midlands,Coventry And Warwickshire Partnership NHS Trust,0.0,0.0,0.0,0.0,0.0,0.0,0.0,0.0,0.0,0.0,0.0,0.0,,,,,0.0,0.0,14.0,14.0,35.0,49.0,0.0,0.0,2026-08-01
RYJ,NHS England London,Imperial College Healthcare NHS Trust,12210.0,4050.0,7739.0,23999.0,7009.0,3919.0,7419.0,18347.0,5201.0,131.0,320.0,5652.0,0.7644901870911288,0.574037674037674,0.9676543209876544,0.9586509884998061,3807.0,0.0,0.0,3807.0,1028.0,4835.0,628.0,0.0,2026-08-01
RYR,NHS England South East,University Hospitals Sussex NHS Foundation Trust,30088.0,1655.0,2093.0,33836.0,16700.0,1577.0,1865.0,20142.0,13388.0,78.0,228.0,13694.0,0.5952831303936635,0.5550385535761766,0.9528700906344411,0.8910654562828476,8106.0,16.0,22.0,8144.0,1604.0,9748.0,1910.0,984.0,2026-08-01
RYX,NHS England London,Central London Community Healthcare NHS Trust,0.0,0.0,13413.0,13413.0,0.0,0.0,13157.0,13157.0,0.0,0.0,256.0,256.0,0.98091403861925,,,0.98091403861925,0.0,0.0,0.0,0.0,0.0,0.0,0.0,0.0,2026-08-01
RYY,NHS England South East,Kent Community Health NHS Foundation Trust,0.0,0.0,6529.0,6529.0,0.0,0.0,6491.0,6491.0,0.0,0.0,38.0,38.0,0.9941798131413693,,,0.9941798131413693,0.0,0.0,0.0,0.0,0.0,0.0,0.0,0.0,2026-08-01
Y02428,NHS England East Of England,Putnoe Walk In Centre,0.0,0.0,2352.0,2352.0,0.0,0.0,2352.0,2352.0,0.0,0.0,0.0,0.0,1.0,,,1.0,0.0,0.0,0.0,0.0,0.0,0.0,0.0,0.0,2026-08-01
Y02532,NHS England North West,Miriam Minor Emergency,0.0,0.0,1631.0,1631.0,0.0,0.0,1631.0,1631.0,0.0,0.0,0.0,0.0,1.0,,,1.0,0.0,0.0,0.0,0.0,0.0,0.0,0.0,0.0,2026-08-01
Y02676,NHS England South East,Brighton Station Health Centre,0.0,0.0,1994.0,1994.0,0.0,0.0,1994.0,1994.0,0.0,0.0,0.0,0.0,1.0,,,1.0,0.0,0.0,0.0,0.0,0.0,0.0,0.0,0.0,2026-08-01
